PLAYER_ID,Name,SEASON_ID,TEAM_ID,TEAM_ABBREVIATION,PLAYER_AGE,GP,MIN,FGM,FGA,FG_PCT,FG3M,FG3A,FG3_PCT,FTM,FTA,FT_PCT,OREB,DREB,REB,AST,STL,BLK,TOV,PF,PTS
1630639,A.J. Lawson,2024-25,1610612761,TOR,24.0,21,360.28333333333336,62,148,0.419,27,81,0.333,23,37,0.622,15,51,66,21,8,4,11,35,174
1631260,AJ Green,2024-25,1610612749,MIL,25.0,67,1514.025,168,393,0.427,142,338,0.42,20,24,0.833,17,135,152,97,36,6,38,145,498
1642358,AJ Johnson,2024-25,1610612764,WAS,20.0,24,462.17333333333335,63,152,0.414,19,63,0.302,26,31,0.839,7,43,50,60,10,3,29,30,171
203932,Aaron Gordon,2024-25,1610612743,DEN,29.0,46,1276.7183333333332,229,432,0.53,71,154,0.461,127,159,0.799,70,157,227,144,20,11,64,74,656
1628988,Aaron Holiday,2024-25,1610612745,HOU,28.0,57,727.61,104,242,0.43,63,164,0.384,33,40,0.825,12,60,72,72,19,10,34,59,304
1630174,Aaron Nesmith,2024-25,1610612754,IND,25.0,41,1017.9516666666667,174,342,0.509,76,179,0.425,61,67,0.91,32,124,156,51,30,16,35,105,485
1630598,Aaron Wiggins,2024-25,1610612760,OKC,26.0,70,1587.525,321,654,0.491,120,308,0.39,57,69,0.826,76,188,264,119,55,18,59,90,819
1641745,Adam Flagler,2024-25,1610612760,OKC,25.0,33,143.775,17,73,0.233,10,56,0.179,0,0,0.0,7,12,19,8,7,3,3,12,44
1641766,Adama Sanogo,2024-25,1610612741,CHI,23.0,4,21.498333333333335,4,7,0.571,0,0,0.0,0,0,0.0,5,1,6,1,0,0,1,1,8
1641737,Adem Bona,2024-25,1610612755,PHI,22.0,53,750.185,106,150,0.707,0,0,0.0,54,79,0.684,75,125,200,23,22,59,49,110,266
1642349,Ajay Mitchell,2024-25,1610612760,OKC,22.0,34,561.1983333333334,84,166,0.506,22,51,0.431,28,33,0.848,17,50,67,57,24,3,28,59,218
201143,Al Horford,2024-25,1610612738,BOS,38.0,57,1578.5566666666666,183,434,0.422,107,297,0.36,34,38,0.895,76,269,345,122,35,49,43,79,507
202692,Alec Burks,2024-25,1610612748,MIA,33.0,45,776.53,97,231,0.42,73,176,0.415,35,46,0.761,14,99,113,48,25,7,23,31,302
1627936,Alex Caruso,2024-25,1610612760,OKC,31.0,50,957.8916666666667,127,284,0.447,56,158,0.354,35,43,0.814,35,108,143,128,78,28,36,91,345
1642505,Alex Ducas,2024-25,1610612760,OKC,24.0,19,96.245,10,25,0.4,9,18,0.5,0,0,0.0,6,13,19,3,5,0,4,7,29
203458,Alex Len,2024-25,1610612747,LAL,31.0,45,366.24,30,59,0.508,2,8,0.25,8,17,0.471,38,55,93,37,9,20,17,50,70
1642024,Alex Reese,2024-25,1610612755,PHI,25.0,13,198.88666666666666,24,48,0.5,13,35,0.371,8,10,0.8,9,34,43,4,9,8,5,20,69
1642259,Alex Sarr,2024-25,1610612764,WAS,19.0,62,1682.8116666666667,300,759,0.395,100,315,0.317,104,156,0.667,118,286,404,143,42,95,103,139,804
1631214,Alondes Williams,2024-25,1610612765,DET,25.0,1,3.716666666666667,2,2,1.0,1,1,1.0,0,0,0.0,0,0,0,1,0,0,0,0,5
1630578,Alperen Sengun,2024-25,1610612745,HOU,22.0,73,2304.74,542,1091,0.497,21,89,0.236,282,406,0.695,252,513,765,360,80,60,188,206,1387
1641708,Amen Thompson,2024-25,1610612745,HOU,22.0,66,2131.835,369,665,0.555,23,86,0.267,164,241,0.68,185,359,544,247,92,84,133,157,925
1629599,Amir Coffey,2024-25,1610612746,LAC,27.0,71,1743.74,240,510,0.471,101,247,0.409,115,129,0.891,32,128,160,77,40,7,44,119,696
203083,Andre Drummond,2024-25,1610612755,PHI,31.0,40,750.6333333333333,117,234,0.5,3,20,0.15,56,90,0.622,109,201,310,34,39,18,55,94,293
1641748,Andre Jackson Jr.,2024-25,1610612749,MIL,23.0,63,927.075,87,187,0.465,29,75,0.387,12,22,0.545,63,112,175,78,34,13,53,110,215
1629614,Andrew Nembhard,2024-25,1610612754,IND,25.0,61,1774.2916666666667,236,502,0.47,50,162,0.309,103,130,0.792,31,173,204,305,74,11,108,139,625
203952,Andrew Wiggins,2024-25,1610612748,MIA,30.0,58,1790.8483333333334,367,816,0.45,127,338,0.376,193,250,0.772,84,174,258,150,57,49,96,99,1054
1629014,Anfernee Simons,2024-25,1610612757,POR,25.0,70,2291.8983333333335,479,1125,0.426,215,593,0.363,175,194,0.902,25,164,189,337,60,5,143,117,1348
1641710,Anthony Black,2024-25,1610612753,ORL,21.0,74,1764.6933333333334,241,572,0.421,56,182,0.308,143,189,0.757,48,160,208,227,79,45,131,157,681
203076,Anthony Davis,2024-25,1610612742,DAL,32.0,48,1614.205,447,860,0.52,33,112,0.295,271,349,0.777,127,430,557,165,58,102,101,92,1198
1630162,Anthony Edwards,2024-25,1610612750,MIN,23.0,74,2685.3083333333334,667,1503,0.444,297,751,0.395,388,465,0.834,58,368,426,340,84,45,238,138,2019
1630264,Anthony Gill,2024-25,1610612764,WAS,32.0,49,369.2416666666667,42,83,0.506,10,28,0.357,29,46,0.63,15,42,57,15,9,2,10,29,123
1641817,Anton Watson,2024-25,1610612752,NYK,24.0,8,20.7,4,9,0.444,0,1,0.0,0,0,0.0,1,2,3,2,1,0,2,3,8
1641810,Antonio Reeves,2024-25,1610612740,NOP,22.0,38,459.11833333333334,76,163,0.466,36,86,0.419,12,15,0.8,14,29,43,28,13,3,22,25,200
1630574,Ariel Hukporti,2024-25,1610612752,NYK,22.0,25,217.365,21,31,0.677,0,0,0.0,6,13,0.462,14,37,51,11,1,15,21,32,48
1642422,Armel Traoré,2024-25,1610612747,LAL,22.0,9,66.66666666666667,6,19,0.316,0,7,0.0,2,7,0.286,2,13,15,1,4,2,3,6,14
1641709,Ausar Thompson,2024-25,1610612765,DET,22.0,54,1187.505,222,413,0.538,10,45,0.222,78,125,0.624,103,167,270,118,91,34,79,153,532
1630559,Austin Reaves,2024-25,1610612747,LAL,26.0,68,2370.78,443,972,0.456,182,496,0.367,299,339,0.882,57,251,308,396,76,21,162,140,1367
1630245,Ayo Dosunmu,2024-25,1610612741,CHI,25.0,46,1393.8833333333334,221,449,0.492,62,189,0.328,62,79,0.785,26,135,161,208,43,18,69,105,566
1628389,Bam Adebayo,2024-25,1610612748,MIA,27.0,75,2574.2433333333333,515,1061,0.485,70,205,0.341,238,312,0.763,180,539,719,325,93,52,158,159,1338
1631248,Baylor Scheierman,2024-25,1610612738,BOS,24.0,26,279.755,26,70,0.371,20,56,0.357,6,8,0.75,13,32,45,24,11,2,5,15,78
1641767,Ben Sheppard,2024-25,1610612754,IND,23.0,63,1229.5583333333334,120,287,0.418,68,199,0.342,24,27,0.889,44,133,177,85,38,14,22,125,332
1627732,Ben Simmons,2024-25,1610612746,LAC,28.0,47,1069.2633333333333,115,219,0.525,0,0,0.0,24,33,0.727,43,188,231,277,38,22,99,99,254
1631097,Bennedict Mathurin,2024-25,1610612754,IND,22.0,68,2036.6183333333333,375,807,0.465,95,274,0.347,257,308,0.834,81,282,363,126,43,24,128,154,1102
1641731,Bilal Coulibaly,2024-25,1610612764,WAS,20.0,59,1947.5066666666667,263,624,0.421,63,224,0.281,138,185,0.746,91,203,294,199,78,41,125,139,727
202687,Bismack Biyombo,2024-25,1610612759,SAS,32.0,22,413.50333333333333,52,81,0.642,0,0,0.0,10,24,0.417,31,85,116,27,14,19,18,41,114
1631104,Blake Wesley,2024-25,1610612759,SAS,22.0,52,565.69,70,153,0.458,17,50,0.34,31,50,0.62,14,36,50,96,30,4,47,36,188
1626171,Bobby Portis,2024-25,1610612749,MIL,30.0,46,1160.1133333333332,258,557,0.463,60,165,0.364,55,67,0.821,83,300,383,102,31,25,56,87,631
1641752,Bobi Klintman,2024-25,1610612765,DET,22.0,7,19.466666666666665,0,2,0.0,0,1,0.0,0,0,0.0,0,4,4,1,0,1,1,2,0
203992,Bogdan Bogdanović,2024-25,1610612746,LAC,32.0,48,1212.4066666666668,188,444,0.423,93,265,0.351,53,60,0.883,20,123,143,126,37,11,70,110,522
1629626,Bol Bol,2024-25,1610612756,PHX,25.0,34,442.03333333333336,96,183,0.525,32,93,0.344,20,26,0.769,19,84,103,21,9,25,20,20,244
1630538,Bones Hyland,2024-25,1610612750,MIN,24.0,24,238.77,47,118,0.398,32,82,0.39,23,26,0.885,5,20,25,32,18,4,25,29,149
203078,Bradley Beal,2024-25,1610612756,PHX,31.0,48,1544.6366666666668,318,630,0.505,92,233,0.395,104,128,0.813,33,131,164,174,49,25,92,123,832
1642382,Branden Carlson,2024-25,1610612760,OKC,25.0,27,176.57666666666665,28,65,0.431,19,50,0.38,9,13,0.692,11,30,41,10,5,15,4,18,84
1641764,Brandin Podziemski,2024-25,1610612744,GSW,22.0,58,1521.9416666666666,242,554,0.437,98,271,0.362,62,83,0.747,61,228,289,195,61,12,62,86,644
1630527,Brandon Boston,2024-25,1610612740,NOP,23.0,42,992.78,166,381,0.436,49,140,0.35,67,85,0.788,28,106,134,92,53,9,52,73,448
1629634,Brandon Clarke,2024-25,1610612763,MEM,28.0,64,1206.8616666666667,236,380,0.621,1,17,0.059,61,87,0.701,127,199,326,66,52,36,41,145,534
1627742,Brandon Ingram,2024-25,1610612761,TOR,27.0,18,595.0316666666666,155,333,0.465,43,115,0.374,47,55,0.855,17,83,100,93,16,11,69,45,400
1641706,Brandon Miller,2024-25,1610612766,CHA,22.0,27,923.565,198,491,0.403,104,293,0.355,68,79,0.861,25,106,131,98,29,20,76,74,568
1630314,Brandon Williams,2024-25,1610612742,DAL,25.0,31,457.86333333333334,91,178,0.511,22,58,0.379,54,63,0.857,11,42,53,73,23,3,35,29,258
1641729,Brice Sensabaugh,2024-25,1610612762,UTA,21.0,67,1295.66,248,541,0.458,137,329,0.416,55,62,0.887,38,152,190,95,41,6,97,100,688
1642355,Bronny James,2024-25,1610612747,LAL,20.0,23,134.72666666666666,17,52,0.327,7,28,0.25,11,14,0.786,3,10,13,14,5,3,10,11,52
201572,Brook Lopez,2024-25,1610612749,MIL,37.0,75,2405.8033333333333,369,722,0.511,132,351,0.376,106,130,0.815,107,267,374,137,50,139,79,164,976
1628971,Bruce Brown,2024-25,1610612740,NOP,28.0,38,843.1466666666666,119,281,0.423,26,78,0.333,50,60,0.833,38,113,151,73,34,9,38,67,314
1628981,Bruno Fernando,2024-25,1610612761,TOR,26.0,17,146.58,26,49,0.531,0,0,0.0,6,8,0.75,21,30,51,18,4,9,14,27,58
1631121,Bryce McGowens,2024-25,1610612757,POR,22.0,13,32.016666666666666,4,14,0.286,0,4,0.0,5,6,0.833,2,1,3,2,1,0,4,3,13
1642267,Bub Carrington,2024-25,1610612764,WAS,19.0,77,2271.3233333333333,272,674,0.404,128,372,0.344,63,76,0.829,32,286,318,328,53,18,129,178,735
1627741,Buddy Hield,2024-25,1610612744,GSW,32.0,76,1735.1166666666666,303,724,0.419,185,503,0.368,53,64,0.828,46,201,247,130,68,21,89,121,844
203468,CJ McCollum,2024-25,1610612740,NOP,33.0,56,1831.6783333333333,444,1000,0.444,171,459,0.373,124,173,0.717,42,170,212,227,46,24,106,124,1183
1630595,Cade Cunningham,2024-25,1610612765,DET,23.0,66,2320.8766666666666,631,1367,0.462,141,398,0.354,295,344,0.858,53,352,405,609,68,49,295,183,1698
1631216,Caleb Houstan,2024-25,1610612753,ORL,22.0,54,680.5766666666667,67,165,0.406,57,144,0.396,13,14,0.929,15,44,59,26,17,4,9,57,204
1628997,Caleb Martin,2024-25,1610612742,DAL,29.0,40,1111.3,117,270,0.433,35,95,0.368,57,90,0.633,46,115,161,85,40,23,49,76,326
1642353,Cam Christie,2024-25,1610612746,LAC,19.0,9,43.43333333333333,5,16,0.313,2,11,0.182,1,2,0.5,1,6,7,5,3,0,2,2,13
1629629,Cam Reddish,2024-25,1610612747,LAL,25.0,33,589.45,38,94,0.404,13,47,0.277,16,26,0.615,17,49,66,22,33,10,12,43,105
1642285,Cam Spencer,2024-25,1610612763,MEM,24.0,21,200.59333333333333,24,58,0.414,13,36,0.361,17,17,1.0,9,18,27,25,6,1,5,18,78
1630560,Cam Thomas,2024-25,1610612751,BKN,23.0,25,781.1566666666666,199,454,0.438,68,195,0.349,133,151,0.881,15,68,83,94,15,2,62,44,599
1641715,Cam Whitmore,2024-25,1610612745,HOU,20.0,46,738.33,157,366,0.429,55,165,0.333,50,67,0.746,32,104,136,45,29,12,38,41,419
1629661,Cameron Johnson,2024-25,1610612751,BKN,29.0,57,1799.7633333333333,355,747,0.475,159,408,0.39,201,225,0.893,54,193,247,194,53,25,99,104,1070
1626166,Cameron Payne,2024-25,1610612752,NYK,30.0,66,980.61,165,404,0.408,87,238,0.366,43,48,0.896,13,83,96,181,36,15,46,100,460
1627747,Caris LeVert,2024-25,1610612737,ATL,30.0,59,1467.7733333333333,250,541,0.462,96,260,0.369,97,137,0.708,36,145,181,197,51,31,71,90,693
1641717,Cason Wallace,2024-25,1610612760,OKC,21.0,65,1794.8,222,467,0.475,73,201,0.363,30,36,0.833,71,153,224,170,116,35,56,140,547
1629646,Charles Bassey,2024-25,1610612759,SAS,24.0,35,372.465,68,116,0.586,0,0,0.0,21,33,0.636,56,96,152,17,14,30,23,48,157
1631096,Chet Holmgren,2024-25,1610612760,OKC,22.0,28,765.7233333333334,147,301,0.488,34,100,0.34,85,116,0.733,45,191,236,55,22,66,52,60,413
1628449,Chris Boucher,2024-25,1610612761,TOR,32.0,50,862.3,182,370,0.492,70,193,0.363,68,87,0.782,70,154,224,33,24,25,29,68,502
1630537,Chris Duarte,2024-25,1610612741,CHI,27.0,17,74.46833333333333,12,26,0.462,6,15,0.4,6,8,0.75,5,15,20,9,0,0,1,7,36
1641753,Chris Livingston,2024-25,1610612749,MIL,21.0,19,81.12666666666667,7,23,0.304,0,7,0.0,8,12,0.667,9,17,26,2,5,0,5,5,22
101108,Chris Paul,2024-25,1610612759,SAS,39.0,76,2130.8633333333332,229,535,0.428,133,347,0.383,79,84,0.94,30,245,275,574,97,19,118,137,670
1631128,Christian Braun,2024-25,1610612743,DEN,23.0,74,2496.5383333333334,439,765,0.574,81,209,0.388,165,200,0.825,95,287,382,184,82,36,76,156,1124
1631132,Christian Koloko,2024-25,1610612747,LAL,24.0,34,317.99666666666667,38,62,0.613,0,3,0.0,8,10,0.8,32,50,82,16,7,11,12,41,84
1629643,Chuma Okeke,2024-25,1610612755,PHI,26.0,7,171.41333333333333,18,33,0.545,10,22,0.455,2,3,0.667,20,23,43,13,5,3,3,5,48
203991,Clint Capela,2024-25,1610612737,ATL,30.0,55,1176.4333333333334,218,390,0.559,0,1,0.0,52,97,0.536,174,295,469,62,34,53,47,106,488
1629632,Coby White,2024-25,1610612741,CHI,25.0,69,2297.49,475,1058,0.449,207,561,0.369,248,277,0.895,24,224,248,306,66,13,163,144,1405
1628998,Cody Martin,2024-25,1610612756,PHX,29.0,48,1117.99,132,311,0.424,43,147,0.293,39,57,0.684,51,161,212,101,55,29,48,91,346
1642262,Cody Williams,2024-25,1610612762,UTA,20.0,50,1059.6116666666667,83,257,0.323,35,135,0.259,29,40,0.725,27,86,113,59,23,16,44,95,230
1641732,Colby Jones,2024-25,1610612764,WAS,22.0,34,351.045,41,83,0.494,13,35,0.371,15,23,0.652,15,40,55,26,19,11,15,28,110
1630175,Cole Anthony,2024-25,1610612753,ORL,24.0,63,1168.745,220,521,0.422,71,204,0.348,91,110,0.827,44,148,192,179,44,29,99,144,602
1631306,Cole Swider,2024-25,1610612761,TOR,25.0,7,104.5,11,40,0.275,7,32,0.219,0,1,0.0,2,9,11,1,3,1,0,10,29
1630658,Colin Castleton,2024-25,1610612755,PHI,24.0,21,320.6383333333333,30,71,0.423,2,14,0.143,23,28,0.821,36,50,86,21,7,9,22,36,85
1631221,Collin Gillespie,2024-25,1610612756,PHX,25.0,27,332.635,49,108,0.454,26,58,0.448,14,16,0.875,15,38,53,61,10,4,13,25,138
1629012,Collin Sexton,2024-25,1610612762,UTA,26.0,61,1701.4766666666667,401,837,0.479,107,264,0.405,208,241,0.863,58,108,166,253,43,6,156,139,1117
1630557,Corey Kispert,2024-25,1610612764,WAS,26.0,61,1601.5233333333333,255,565,0.451,120,330,0.364,75,88,0.852,36,145,181,103,26,14,64,98,705
202709,Cory Joseph,2024-25,1610612753,ORL,33.0,47,560.7666666666667,57,142,0.401,36,98,0.367,14,18,0.778,15,52,67,63,23,4,17,47,164
1641854,Craig Porter Jr.,2024-25,1610612739,CLE,25.0,47,415.63166666666666,54,99,0.545,16,35,0.457,15,21,0.714,13,40,53,61,16,13,25,21,139
1642385,Cui Yongxi,2024-25,1610612751,BKN,21.0,5,10.318333333333333,1,7,0.143,0,3,0.0,1,2,0.5,0,2,2,0,0,0,0,0,3
1626156,D'Angelo Russell,2024-25,1610612751,BKN,29.0,58,1480.4183333333333,249,638,0.39,113,360,0.314,121,145,0.834,20,142,162,297,56,23,108,115,732
1630618,D.J. Carton,2024-25,1610612761,TOR,24.0,4,33.38666666666666,1,7,0.143,0,3,0.0,1,1,1.0,0,4,4,3,2,0,4,1,3
1629610,DaQuan Jeffries,2024-25,1610612766,CHA,27.0,42,935.0183333333333,106,259,0.409,50,144,0.347,20,25,0.8,31,86,117,47,24,23,32,93,282
1631342,Daeqwon Plowden,2024-25,1610612737,ATL,26.0,3,33.86666666666667,8,10,0.8,6,8,0.75,2,2,1.0,3,2,5,0,0,0,1,5,24
1630227,Daishen Nix,2024-25,1610612750,MIN,23.0,3,13.233333333333333,0,1,0.0,0,1,0.0,1,2,0.5,0,4,4,3,0,0,4,1,1
1630625,Dalano Banton,2024-25,1610612757,POR,25.0,62,952.7066666666667,169,419,0.403,64,185,0.346,79,108,0.731,28,91,119,134,40,31,73,48,481
1631207,Dalen Terry,2024-25,1610612741,CHI,22.0,68,902.5316666666666,111,241,0.461,34,92,0.37,47,67,0.701,37,75,112,89,40,14,47,105,303
1642261,Dalton Knecht,2024-25,1610612747,LAL,23.0,72,1411.245,238,517,0.46,118,318,0.371,60,80,0.75,33,170,203,66,24,6,34,90,654
203081,Damian Lillard,2024-25,1610612749,MIL,34.0,58,2092.87,444,992,0.448,197,524,0.376,362,393,0.921,29,243,272,410,70,10,162,97,1447
1641878,Damion Baugh,2024-25,1610612766,CHA,24.0,12,304.0883333333333,36,109,0.33,10,45,0.222,11,13,0.846,10,26,36,46,14,1,23,20,93
1627814,Damion Lee,2024-25,1610612756,PHX,32.0,20,122.46833333333333,21,61,0.344,7,30,0.233,20,21,0.952,2,13,15,10,5,0,8,5,69
1629655,Daniel Gafford,2024-25,1610612742,DAL,26.0,53,1154.1283333333333,265,378,0.701,0,0,0.0,125,181,0.691,145,218,363,75,21,97,62,143,655
1628464,Daniel Theis,2024-25,1610612740,NOP,33.0,38,621.2416666666667,61,129,0.473,9,37,0.243,31,37,0.838,44,120,164,60,18,20,25,70,162
1642450,Daniss Jenkins,2024-25,1610612765,DET,23.0,6,12.13,2,6,0.333,1,5,0.2,0,0,0.0,0,0,0,0,0,0,1,2,5
203957,Danté Exum,2024-25,1610612742,DAL,29.0,18,344.07666666666665,60,125,0.48,21,47,0.447,23,31,0.742,4,26,30,50,12,3,19,31,164
203967,Dario Šarić,2024-25,1610612743,DEN,30.0,16,210.38333333333333,21,58,0.362,7,26,0.269,7,10,0.7,14,36,50,23,7,1,15,19,56
1641727,Dariq Whitehead,2024-25,1610612751,BKN,20.0,15,153.06166666666667,26,65,0.4,23,52,0.442,3,5,0.6,3,15,18,6,4,1,8,11,78
1629636,Darius Garland,2024-25,1610612739,CLE,25.0,71,2173.6633333333334,524,1111,0.472,200,498,0.402,214,242,0.884,46,159,205,474,86,11,179,140,1462
1630561,David Duke Jr.,2024-25,1610612759,SAS,25.0,4,17.65,2,7,0.286,0,1,0.0,1,2,0.5,0,3,3,3,0,0,1,1,5
1631223,David Roddy,2024-25,1610612745,HOU,24.0,30,374.9033333333333,52,112,0.464,18,54,0.333,18,22,0.818,13,66,79,33,14,8,21,19,140
1630558,Davion Mitchell,2024-25,1610612748,MIA,26.0,69,1875.19,198,429,0.462,80,197,0.406,48,71,0.676,32,120,152,330,64,14,121,173,524
1630549,Day'Ron Sharpe,2024-25,1610612751,BKN,23.0,50,907.4583333333334,165,317,0.521,11,45,0.244,56,74,0.757,149,181,330,91,41,42,63,113,397
1628368,De'Aaron Fox,2024-25,1610612759,SAS,27.0,62,2241.1366666666668,539,1163,0.463,118,381,0.31,263,318,0.827,54,244,298,392,91,25,174,164,1459
1629631,De'Andre Hunter,2024-25,1610612739,CLE,27.0,60,1630.4483333333333,331,703,0.471,145,358,0.405,212,248,0.855,43,192,235,83,43,10,76,146,1019
1629001,De'Anthony Melton,2024-25,1610612751,BKN,26.0,6,120.98333333333333,22,54,0.407,13,35,0.371,5,8,0.625,6,14,20,17,7,2,10,18,62
201599,DeAndre Jordan,2024-25,1610612743,DEN,36.0,52,653.455,86,131,0.656,0,0,0.0,25,58,0.431,77,190,267,51,15,23,40,71,197
201942,DeMar DeRozan,2024-25,1610612758,SAC,35.0,72,2583.423333333333,582,1209,0.481,80,235,0.34,355,412,0.862,46,237,283,316,62,29,100,139,1599
1629731,Dean Wade,2024-25,1610612739,CLE,28.0,55,1172.265,105,255,0.412,74,210,0.352,15,28,0.536,51,189,240,71,39,20,20,95,299
1629028,Deandre Ayton,2024-25,1610612757,POR,26.0,40,1205.62,265,468,0.566,6,32,0.188,40,60,0.667,124,282,406,64,31,39,69,88,576
1627749,Dejounte Murray,2024-25,1610612740,NOP,28.0,31,1012.1483333333333,194,494,0.393,52,174,0.299,102,124,0.823,17,183,200,228,63,12,106,61,542
1626153,Delon Wright,2024-25,1610612752,NYK,32.0,37,571.8633333333333,39,117,0.333,18,65,0.277,14,24,0.583,25,38,63,70,31,12,21,23,110
1630166,Deni Avdija,2024-25,1610612757,POR,24.0,71,2125.681666666667,390,819,0.476,123,335,0.367,279,358,0.779,104,407,511,276,71,35,195,168,1182
203471,Dennis Schröder,2024-25,1610612765,DET,31.0,70,1952.29,319,783,0.407,121,355,0.341,170,201,0.846,23,161,184,382,64,12,133,173,929
1641726,Dereck Lively II,2024-25,1610612742,DAL,21.0,33,784.2866666666666,125,178,0.702,0,0,0.0,46,73,0.63,100,156,256,85,17,55,39,95,296
1627884,Derrick Jones Jr.,2024-25,1610612746,LAC,28.0,71,1729.2133333333334,287,546,0.526,73,200,0.365,79,111,0.712,87,160,247,56,73,31,61,143,726
1628401,Derrick White,2024-25,1610612738,BOS,30.0,72,2438.443333333333,400,912,0.439,249,655,0.38,135,161,0.839,61,259,320,334,69,76,120,135,1184
1630217,Desmond Bane,2024-25,1610612763,MEM,26.0,65,2068.7516666666666,452,947,0.477,148,388,0.381,166,187,0.888,61,333,394,353,78,27,160,156,1218
1626164,Devin Booker,2024-25,1610612756,PHX,28.0,70,2618.655,599,1313,0.456,178,527,0.338,411,459,0.895,68,216,284,497,65,14,202,187,1787
1642269,Devin Carter,2024-25,1610612758,SAC,23.0,31,311.54833333333335,38,100,0.38,14,51,0.275,25,42,0.595,14,49,63,35,16,3,14,31,115
1630170,Devin Vassell,2024-25,1610612759,SAS,24.0,60,1862.6016666666667,370,836,0.443,145,398,0.364,93,116,0.802,31,207,238,173,74,33,78,101,978
1628415,Dillon Brooks,2024-25,1610612745,HOU,29.0,73,2336.6583333333333,371,873,0.425,181,459,0.394,98,119,0.824,75,196,271,125,60,16,76,239,1021
1641794,Dillon Jones,2024-25,1610612760,OKC,23.0,48,453.21166666666664,42,117,0.359,13,58,0.224,15,26,0.577,24,72,96,51,13,3,19,45,112
1627734,Domantas Sabonis,2024-25,1610612758,SAC,28.0,65,2252.1916666666666,487,832,0.585,59,147,0.401,206,277,0.744,249,659,908,393,42,24,187,215,1239
1631230,Dominick Barlow,2024-25,1610612737,ATL,21.0,30,320.1816666666667,52,99,0.525,7,23,0.304,18,26,0.692,31,43,74,16,8,15,4,38,129
1642270,Donovan Clingan,2024-25,1610612757,POR,21.0,62,1187.0583333333334,157,291,0.54,12,40,0.3,57,94,0.606,190,275,465,68,29,101,69,169,383
1628378,Donovan Mitchell,2024-25,1610612739,CLE,28.0,69,2165.4333333333334,570,1286,0.443,226,616,0.367,290,349,0.831,55,258,313,341,92,16,142,137,1656
1628978,Donte DiVincenzo,2024-25,1610612750,MIN,28.0,57,1483.345,224,545,0.411,156,403,0.387,49,62,0.79,30,182,212,212,70,16,87,103,653
1627827,Dorian Finney-Smith,2024-25,1610612747,LAL,31.0,58,1662.5616666666667,177,401,0.441,113,284,0.398,28,43,0.651,76,155,231,79,54,22,54,130,495
203926,Doug McDermott,2024-25,1610612758,SAC,33.0,39,309.45166666666665,45,104,0.433,39,90,0.433,3,5,0.6,2,17,19,4,4,2,6,28,132
203110,Draymond Green,2024-25,1610612744,GSW,35.0,62,1804.3633333333332,200,470,0.426,72,226,0.319,96,140,0.686,69,318,387,355,89,65,158,199,568
1629234,Drew Eubanks,2024-25,1610612746,LAC,28.0,56,703.29,106,179,0.592,3,6,0.5,45,69,0.652,55,156,211,50,11,37,38,58,260
1641809,Drew Peterson,2024-25,1610612738,BOS,25.0,21,157.01333333333332,14,31,0.452,10,25,0.4,6,7,0.857,5,25,30,13,5,2,6,14,44
1631166,Drew Timme,2024-25,1610612751,BKN,24.0,4,98.54333333333334,20,37,0.541,2,11,0.182,3,4,0.75,8,12,20,7,3,1,6,8,45
1630696,Dru Smith,2024-25,1610612748,MIA,27.0,14,268.205,31,61,0.508,16,30,0.533,9,12,0.75,12,24,36,23,21,6,17,30,87
1629130,Duncan Robinson,2024-25,1610612748,MIA,30.0,69,1671.625,267,615,0.434,173,445,0.389,44,50,0.88,17,141,158,168,39,5,81,130,751
1641871,Duop Reath,2024-25,1610612757,POR,28.0,45,463.49333333333334,70,164,0.427,34,105,0.324,20,22,0.909,43,46,89,26,12,14,16,41,194
203939,Dwight Powell,2024-25,1610612742,DAL,33.0,50,510.6933333333333,40,55,0.727,1,2,0.5,27,41,0.659,46,66,112,54,17,21,18,74,108
1630700,Dyson Daniels,2024-25,1610612737,ATL,22.0,71,2409.435,427,867,0.493,77,223,0.345,78,130,0.6,118,299,417,306,217,50,143,170,1009
1630604,E.J. Liddell,2024-25,1610612741,CHI,24.0,8,35.54,5,10,0.5,3,8,0.375,2,2,1.0,1,4,5,3,1,1,2,8,15
203901,Elfrid Payton,2024-25,1610612740,NOP,31.0,18,367.02166666666665,35,96,0.365,0,1,0.0,1,3,0.333,9,46,55,103,19,9,43,27,71
1641989,Elijah Harkless,2024-25,1610612762,UTA,25.0,10,138.0,11,35,0.314,7,25,0.28,3,6,0.5,9,12,21,8,10,1,3,18,32
1641801,Emanuel Miller,2024-25,1610612741,CHI,24.0,2,5.8,0,1,0.0,0,0,0.0,0,0,0.0,0,1,1,1,0,0,0,0,0
1641734,Emoni Bates,2024-25,1610612739,CLE,21.0,8,29.55,3,17,0.176,3,13,0.231,0,0,0.0,0,1,1,4,1,0,0,2,9
1642402,Enrique Freeman,2024-25,1610612754,IND,24.0,20,139.48833333333334,12,25,0.48,1,6,0.167,9,15,0.6,6,13,19,8,2,2,5,18,34
201569,Eric Gordon,2024-25,1610612755,PHI,36.0,39,768.4916666666667,87,204,0.426,56,137,0.409,36,48,0.75,8,38,46,65,26,12,28,32,266
1630596,Evan Mobley,2024-25,1610612739,CLE,23.0,67,2032.455,477,851,0.561,77,209,0.368,207,282,0.734,149,467,616,208,54,107,136,133,1238
1630532,Franz Wagner,2024-25,1610612753,ORL,23.0,58,1957.6983333333333,520,1124,0.463,100,341,0.293,264,304,0.868,54,274,328,276,71,20,135,145,1404
1627832,Fred VanVleet,2024-25,1610612745,HOU,31.0,57,2010.865,276,729,0.379,152,441,0.345,109,132,0.826,32,188,220,321,89,24,82,133,813
1641713,GG Jackson,2024-25,1610612763,MEM,20.0,25,406.29833333333335,69,176,0.392,30,89,0.337,28,38,0.737,24,57,81,26,10,5,28,27,196
1629216,Gabe Vincent,2024-25,1610612747,LAL,28.0,67,1419.0516666666667,159,394,0.404,103,287,0.359,15,21,0.714,18,66,84,91,48,13,40,143,436
202066,Garrett Temple,2024-25,1610612761,TOR,38.0,25,182.545,9,42,0.214,5,20,0.25,9,10,0.9,5,19,24,26,14,2,10,23,32
1629726,Garrison Mathews,2024-25,1610612737,ATL,28.0,46,792.8583333333333,98,248,0.395,82,211,0.389,63,77,0.818,13,70,83,59,26,14,29,79,341
203914,Gary Harris,2024-25,1610612753,ORL,30.0,44,654.6033333333334,40,117,0.342,27,90,0.3,7,12,0.583,19,42,61,28,25,12,14,44,114
1627780,Gary Payton II,2024-25,1610612744,GSW,32.0,58,865.6216666666667,162,277,0.585,29,88,0.33,27,38,0.711,49,124,173,76,46,17,35,101,380
1629018,Gary Trent Jr.,2024-25,1610612749,MIL,26.0,69,1756.8166666666666,261,603,0.433,167,397,0.421,71,82,0.866,19,140,159,78,68,4,40,117,760
1627777,Georges Niang,2024-25,1610612737,ATL,31.0,74,1597.3333333333333,265,570,0.465,153,374,0.409,46,58,0.793,46,217,263,105,28,13,72,190,729
203507,Giannis Antetokounmpo,2024-25,1610612749,MIL,30.0,63,2144.6316666666667,749,1244,0.602,12,56,0.214,407,661,0.616,141,607,748,393,56,73,200,153,1917
1629048,Goga Bitadze,2024-25,1610612753,ORL,25.0,67,1360.2416666666666,197,318,0.619,3,25,0.12,78,123,0.634,158,285,443,128,47,95,69,144,475
1641711,Gradey Dick,2024-25,1610612761,TOR,21.0,54,1587.3733333333332,265,647,0.41,114,326,0.35,133,155,0.858,44,149,193,98,48,10,83,120,777
1629684,Grant Williams,2024-25,1610612766,CHA,26.0,16,479.025,54,123,0.439,27,74,0.365,31,37,0.838,18,64,82,37,18,13,28,46,166
1628960,Grayson Allen,2024-25,1610612756,PHX,29.0,58,1407.145,193,433,0.446,138,320,0.431,82,102,0.804,31,143,174,122,50,19,63,85,606
1627824,Guerschon Yabusele,2024-25,1610612755,PHI,29.0,69,1857.4033333333334,274,548,0.5,104,270,0.385,97,134,0.724,133,258,391,144,55,24,87,162,749
1630611,Gui Santos,2024-25,1610612744,GSW,22.0,51,712.7666666666667,79,169,0.467,33,96,0.344,29,40,0.725,65,94,159,74,21,9,38,88,220
203084,Harrison Barnes,2024-25,1610612759,SAS,32.0,76,2051.2466666666664,315,628,0.502,136,323,0.421,141,178,0.792,95,189,284,129,31,14,47,67,907
1631127,Harrison Ingram,2024-25,1610612759,SAS,22.0,3,17.25,1,3,0.333,0,1,0.0,0,0,0.0,1,4,5,1,1,0,0,2,2
1629312,Haywood Highsmith,2024-25,1610612748,MIA,28.0,69,1699.5316666666668,164,353,0.465,81,208,0.389,31,43,0.721,62,165,227,102,68,37,51,155,440
1630529,Herbert Jones,2024-25,1610612740,NOP,26.0,20,648.1316666666667,75,172,0.436,22,72,0.306,33,40,0.825,22,56,78,65,37,9,35,66,205
1641816,Hunter Tyson,2024-25,1610612743,DEN,24.0,49,394.54333333333335,45,119,0.378,23,74,0.311,19,26,0.731,25,53,78,19,9,6,14,42,132
1630193,Immanuel Quickley,2024-25,1610612761,TOR,25.0,31,874.08,176,416,0.423,81,212,0.382,109,126,0.865,14,93,107,182,22,4,56,60,542
1642403,Isaac Jones,2024-25,1610612758,SAC,24.0,36,280.08,52,77,0.675,3,7,0.429,23,36,0.639,19,31,50,11,4,9,15,29,130
1630171,Isaac Okoro,2024-25,1610612739,CLE,24.0,50,937.4583333333334,106,233,0.455,50,137,0.365,32,45,0.711,43,69,112,64,29,16,22,93,294
1642268,Isaiah Collier,2024-25,1610612762,UTA,20.0,70,1804.035,228,541,0.421,41,165,0.248,101,149,0.678,32,200,232,434,65,15,204,147,598
1642384,Isaiah Crawford,2024-25,1610612758,SAC,23.0,15,45.666666666666664,5,11,0.455,1,5,0.2,2,4,0.5,1,7,8,1,1,2,1,2,13
1628392,Isaiah Hartenstein,2024-25,1610612760,OKC,26.0,54,1508.0933333333332,263,460,0.572,0,19,0.0,79,116,0.681,152,431,583,210,44,58,93,161,605
1630543,Isaiah Jackson,2024-25,1610612754,IND,23.0,5,83.88,14,23,0.609,0,0,0.0,7,14,0.5,11,17,28,5,3,8,5,14,35
1630198,Isaiah Joe,2024-25,1610612760,OKC,25.0,69,1472.8966666666668,238,543,0.438,176,429,0.41,41,51,0.804,37,142,179,103,43,9,37,106,693
1641815,Isaiah Stevens,2024-25,1610612748,MIA,24.0,3,5.55,0,2,0.0,0,1,0.0,0,0,0.0,0,2,2,0,1,0,0,0,0
1630191,Isaiah Stewart,2024-25,1610612765,DET,23.0,69,1349.315,167,297,0.562,14,45,0.311,63,83,0.759,126,254,380,114,26,95,63,169,411
1631209,Isaiah Wong,2024-25,1610612766,CHA,24.0,20,265.50333333333333,41,105,0.39,13,33,0.394,25,34,0.735,14,18,32,28,11,0,18,21,120
1627826,Ivica Zubac,2024-25,1610612746,LAC,28.0,74,2417.4,536,861,0.623,0,0,0.0,146,224,0.652,276,652,928,192,51,87,120,160,1218
1631120,JD Davison,2024-25,1610612738,BOS,22.0,13,56.465,7,16,0.438,3,10,0.3,5,7,0.714,1,7,8,6,3,1,9,1,22
1630550,JT Thor,2024-25,1610612764,WAS,22.0,16,173.49833333333333,21,45,0.467,5,17,0.294,11,16,0.688,15,19,34,6,7,6,8,15,58
1629630,Ja Morant,2024-25,1610612763,MEM,25.0,47,1422.4533333333334,373,820,0.455,77,254,0.303,251,303,0.828,29,168,197,344,59,11,177,107,1074
1642266,Ja'Kobe Walter,2024-25,1610612761,TOR,20.0,50,1053.9683333333332,149,373,0.399,59,173,0.341,62,79,0.785,56,96,152,78,38,9,46,90,419
1631095,Jabari Smith Jr.,2024-25,1610612745,HOU,21.0,55,1654.865,238,548,0.434,95,270,0.352,102,124,0.823,100,273,373,58,24,41,56,118,673
1631133,Jabari Walker,2024-25,1610612757,POR,22.0,55,631.15,94,187,0.503,24,61,0.393,40,58,0.69,52,134,186,31,30,6,27,77,252
1629098,Jack McVeigh,2024-25,1610612745,HOU,28.0,7,28.366666666666667,5,13,0.385,4,10,0.4,0,0,0.0,1,3,4,1,0,1,1,1,14
1642050,Jackson Rowe,2024-25,1610612744,GSW,28.0,5,42.665,6,15,0.4,2,9,0.222,2,4,0.5,0,8,8,3,3,0,1,4,16
1631210,Jacob Toppin,2024-25,1610612737,ATL,24.0,16,48.6,3,10,0.3,0,2,0.0,0,0,0.0,2,9,11,4,2,0,2,3,6
1630702,Jaden Hardy,2024-25,1610612742,DAL,22.0,54,836.9383333333334,168,380,0.442,73,181,0.403,51,74,0.689,8,72,80,72,25,5,75,85,460
1631093,Jaden Ivey,2024-25,1610612765,DET,23.0,30,898.0333333333333,190,413,0.46,63,154,0.409,85,116,0.733,40,84,124,119,28,11,89,67,528
1630183,Jaden McDaniels,2024-25,1610612750,MIN,24.0,77,2476.1766666666667,379,790,0.48,98,290,0.338,100,122,0.82,124,328,452,156,106,69,85,215,956
1630531,Jaden Springer,2024-25,1610612762,UTA,22.0,39,276.58666666666664,28,68,0.412,10,36,0.278,25,36,0.694,12,32,44,26,20,4,12,33,91
203109,Jae Crowder,2024-25,1610612758,SAC,34.0,9,102.76166666666667,7,22,0.318,4,15,0.267,5,6,0.833,6,14,20,6,3,0,4,10,23
1630256,Jae'Sean Tate,2024-25,1610612745,HOU,29.0,49,555.29,64,139,0.46,12,39,0.308,32,47,0.681,49,64,113,45,26,7,20,78,172
1626143,Jahlil Okafor,2024-25,1610612754,IND,29.0,1,3.3666666666666667,0,0,0.0,0,0,0.0,0,0,0.0,0,1,1,1,0,0,0,0,0
1642443,Jahmir Young,2024-25,1610612741,CHI,24.0,2,7.483333333333333,0,1,0.0,0,1,0.0,0,0,0.0,0,1,1,1,0,0,0,1,0
1631170,Jaime Jaquez Jr.,2024-25,1610612748,MIA,24.0,63,1299.2116666666666,189,424,0.446,33,107,0.308,102,135,0.756,79,191,270,152,59,13,94,77,513
1631222,Jake LaRavia,2024-25,1610612758,SAC,23.0,66,1349.28,160,337,0.475,60,142,0.423,78,115,0.678,90,169,259,158,62,23,86,132,458
1627751,Jakob Poeltl,2024-25,1610612761,TOR,29.0,56,1654.9816666666666,358,568,0.63,1,3,0.333,97,144,0.674,183,353,536,156,65,68,107,172,814
1641779,Jalen Bridges,2024-25,1610612756,PHX,23.0,5,25.121666666666666,1,4,0.25,1,4,0.25,1,2,0.5,0,3,3,0,0,0,4,0,4
1628973,Jalen Brunson,2024-25,1610612752,NYK,28.0,61,2162.265,558,1138,0.49,140,365,0.384,350,424,0.825,25,156,181,452,58,6,153,132,1606
1631105,Jalen Duren,2024-25,1610612765,DET,21.0,73,1904.25,351,510,0.688,0,0,0.0,156,230,0.678,259,491,750,188,51,82,130,239,858
1630224,Jalen Green,2024-25,1610612745,HOU,23.0,77,2574.2316666666666,583,1370,0.426,226,637,0.355,262,322,0.814,43,321,364,264,66,25,191,123,1654
1641720,Jalen Hood-Schifino,2024-25,1610612755,PHI,21.0,11,213.21666666666667,29,67,0.433,11,34,0.324,16,19,0.842,2,15,17,25,4,7,14,17,85
1630552,Jalen Johnson,2024-25,1610612737,ATL,23.0,36,1284.1783333333333,271,542,0.5,44,141,0.312,94,126,0.746,62,297,359,181,56,36,106,67,680
1629667,Jalen McDaniels,2024-25,1610612764,WAS,27.0,4,7.335,0,0,0.0,0,0,0.0,0,0,0.0,0,0,0,1,1,0,0,0,0
1629618,Jalen Pickett,2024-25,1610612743,DEN,25.0,44,557.2233333333334,66,152,0.434,33,82,0.402,5,6,0.833,13,52,65,95,16,3,21,32,170
1630188,Jalen Smith,2024-25,1610612741,CHI,25.0,61,909.8833333333333,180,384,0.469,70,214,0.327,67,82,0.817,84,252,336,61,16,43,35,94,497
1630591,Jalen Suggs,2024-25,1610612753,ORL,23.0,35,1002.4533333333334,197,481,0.41,76,242,0.314,97,110,0.882,23,118,141,129,51,33,102,98,567
1631114,Jalen Williams,2024-25,1610612760,OKC,23.0,65,2103.515,524,1089,0.481,118,323,0.365,216,276,0.783,53,296,349,339,103,45,145,151,1382
1630592,Jalen Wilson,2024-25,1610612751,BKN,24.0,75,1912.73,226,578,0.391,105,329,0.319,131,156,0.84,71,178,249,132,38,4,78,156,688
1631288,Jamal Cain,2024-25,1610612740,NOP,26.0,31,347.475,36,90,0.4,14,49,0.286,17,26,0.654,20,37,57,17,14,8,14,32,103
1627750,Jamal Murray,2024-25,1610612743,DEN,28.0,65,2361.9183333333335,520,1093,0.476,154,389,0.396,211,238,0.887,43,206,249,393,91,33,133,125,1405
1642347,Jamal Shead,2024-25,1610612761,TOR,22.0,71,1342.225,189,457,0.414,67,203,0.33,45,59,0.763,28,78,106,281,51,10,108,145,490
1631123,Jamaree Bouyea,2024-25,1610612749,MIL,25.0,3,8.183333333333334,1,1,1.0,0,0,0.0,0,0,0.0,0,0,0,1,1,0,2,0,2
201935,James Harden,2024-25,1610612746,LAC,35.0,73,2561.4816666666666,478,1192,0.401,218,629,0.347,468,536,0.873,48,367,415,626,109,52,318,150,1642
201949,James Johnson,2024-25,1610612754,IND,38.0,12,36.61666666666667,4,11,0.364,0,3,0.0,0,1,0.0,0,6,6,4,0,2,4,5,8
1630164,James Wiseman,2024-25,1610612754,IND,24.0,1,4.633333333333334,2,4,0.5,0,1,0.0,2,2,1.0,0,1,1,0,0,0,0,0,6
1642419,Jamison Battle,2024-25,1610612761,TOR,23.0,54,892.925,124,291,0.426,88,217,0.406,16,18,0.889,34,103,137,47,12,9,22,77,352
1641716,Jarace Walker,2024-25,1610612754,IND,21.0,70,1081.0866666666666,149,322,0.463,66,168,0.393,45,68,0.662,23,180,203,101,51,23,71,109,409
1630215,Jared Butler,2024-25,1610612755,PHI,24.0,55,902.3083333333333,172,383,0.449,51,141,0.362,65,80,0.813,21,74,95,192,33,11,67,85,460
1642272,Jared McCain,2024-25,1610612755,PHI,21.0,23,591.7916666666666,126,274,0.46,51,133,0.383,49,56,0.875,13,43,56,60,15,0,37,37,352
1631197,Jared Rhoden,2024-25,1610612761,TOR,25.0,11,162.52,27,63,0.429,9,29,0.31,16,19,0.842,11,19,30,9,7,2,7,13,79
1628991,Jaren Jackson Jr.,2024-25,1610612763,MEM,25.0,70,2071.1066666666666,564,1145,0.493,138,363,0.38,293,377,0.777,84,315,399,142,87,111,147,243,1559
1629020,Jarred Vanderbilt,2024-25,1610612747,LAL,26.0,31,497.4,50,104,0.481,9,32,0.281,15,28,0.536,55,101,156,38,29,7,22,59,124
1628386,Jarrett Allen,2024-25,1610612739,CLE,26.0,76,2170.6016666666665,433,610,0.71,0,4,0.0,190,263,0.722,202,555,757,144,73,71,89,120,1056
1629750,Javonte Green,2024-25,1610612739,CLE,31.0,63,1196.3166666666666,116,264,0.439,46,130,0.354,54,74,0.73,57,149,206,52,62,30,31,91,332
1629637,Jaxson Hayes,2024-25,1610612747,LAL,24.0,51,1003.7166666666667,148,205,0.722,0,3,0.0,57,86,0.663,70,170,240,56,28,47,39,124,353
1630643,Jay Huff,2024-25,1610612763,MEM,27.0,60,705.8183333333334,147,286,0.514,78,190,0.411,42,54,0.778,27,96,123,36,14,50,31,75,414
1627759,Jaylen Brown,2024-25,1610612738,BOS,28.0,60,2086.2616666666668,501,1085,0.462,111,348,0.319,233,307,0.759,82,274,356,277,73,19,157,151,1346
1641740,Jaylen Clark,2024-25,1610612750,MIN,23.0,35,485.0316666666667,56,117,0.479,22,51,0.431,22,29,0.759,24,23,47,23,35,2,7,59,156
1641798,Jaylen Martin,2024-25,1610612764,WAS,21.0,15,209.01,28,65,0.431,7,20,0.35,7,7,1.0,9,31,40,14,5,0,10,11,70
1629669,Jaylen Nowell,2024-25,1610612740,NOP,25.0,8,168.075,26,73,0.356,8,27,0.296,7,11,0.636,6,14,20,18,1,4,8,9,67
1631301,Jaylen Sims,2024-25,1610612766,CHA,26.0,1,20.75,1,3,0.333,1,2,0.5,4,4,1.0,0,1,1,4,0,0,3,2,7
1642377,Jaylen Wells,2024-25,1610612763,MEM,21.0,77,1994.1316666666667,285,664,0.429,137,384,0.357,106,129,0.822,85,175,260,132,42,8,68,145,813
1631119,Jaylin Williams,2024-25,1610612760,OKC,22.0,44,732.4466666666667,88,206,0.427,54,143,0.378,21,28,0.75,46,199,245,108,20,28,31,75,251
1642281,Jaylon Tyson,2024-25,1610612739,CLE,22.0,43,373.4266666666667,47,106,0.443,14,42,0.333,16,20,0.8,31,50,81,39,9,2,20,43,124
1628369,Jayson Tatum,2024-25,1610612738,BOS,27.0,69,2509.6666666666665,636,1408,0.452,242,699,0.346,347,426,0.815,47,553,600,410,74,36,205,149,1861
1641789,Jazian Gortman,2024-25,1610612742,DAL,22.0,16,56.61666666666667,9,23,0.391,4,11,0.364,2,4,0.5,1,4,5,6,2,1,5,9,24
1630288,Jeff Dowtin Jr.,2024-25,1610612755,PHI,27.0,39,562.3583333333333,100,204,0.49,24,61,0.393,29,39,0.744,12,48,60,72,20,11,14,27,253
201145,Jeff Green,2024-25,1610612745,HOU,38.0,29,344.51,51,100,0.51,23,62,0.371,17,20,0.85,10,39,49,13,5,4,8,28,142
203924,Jerami Grant,2024-25,1610612757,POR,31.0,47,1523.5866666666666,214,574,0.373,108,296,0.365,141,166,0.849,26,137,163,101,41,46,65,109,677
1630526,Jeremiah Robinson-Earl,2024-25,1610612740,NOP,24.0,60,1086.2516666666668,136,293,0.464,48,139,0.345,43,51,0.843,91,173,264,74,35,7,40,72,363
1631110,Jeremy Sochan,2024-25,1610612759,SAS,21.0,54,1363.9683333333332,251,469,0.535,28,91,0.308,87,125,0.696,127,225,352,128,45,27,84,131,617
1630579,Jericho Sims,2024-25,1610612749,MIL,26.0,53,631.245,45,71,0.634,0,0,0.0,8,13,0.615,71,126,197,33,10,19,33,65,98
1642399,Jesse Edwards,2024-25,1610612750,MIN,25.0,2,4.666666666666667,0,0,0.0,0,0,0.0,0,0,0.0,0,0,0,1,0,0,0,2,0
1641724,Jett Howard,2024-25,1610612753,ORL,21.0,57,632.7733333333333,84,236,0.356,51,171,0.298,15,20,0.75,20,47,67,41,13,10,27,59,234
1628975,Jevon Carter,2024-25,1610612741,CHI,29.0,32,249.69,46,112,0.411,30,81,0.37,8,10,0.8,3,28,31,34,9,3,9,12,130
202710,Jimmy Butler III,2024-25,1610612744,GSW,35.0,49,1545.1266666666668,266,535,0.497,27,94,0.287,281,338,0.831,116,160,276,264,63,16,70,46,840
1629111,Jock Landale,2024-25,1610612745,HOU,29.0,39,431.72333333333336,69,135,0.511,8,21,0.381,24,36,0.667,52,68,120,32,10,10,19,44,170
204060,Joe Ingles,2024-25,1610612750,MIN,37.0,19,114.08666666666667,6,23,0.261,3,15,0.2,0,0,0.0,2,9,11,23,2,0,9,12,15
203954,Joel Embiid,2024-25,1610612755,PHI,31.0,19,574.3933333333333,140,315,0.444,23,77,0.299,149,169,0.882,36,119,155,85,14,18,62,42,452
1628381,John Collins,2024-25,1610612762,UTA,27.0,40,1220.4916666666666,280,531,0.527,59,148,0.399,139,164,0.848,89,238,327,80,39,40,103,116,758
1629723,John Konchar,2024-25,1610612763,MEM,29.0,42,511.9683333333333,37,86,0.43,21,59,0.356,7,8,0.875,33,105,138,38,21,14,15,32,102
1631098,Johnny Davis,2024-25,1610612764,WAS,23.0,34,241.65833333333333,32,78,0.41,7,29,0.241,9,15,0.6,10,28,38,11,15,6,7,18,80
1642277,Johnny Furphy,2024-25,1610612754,IND,20.0,46,292.11333333333334,24,64,0.375,12,37,0.324,11,11,1.0,18,34,52,10,14,10,9,31,71
1630548,Johnny Juzang,2024-25,1610612762,UTA,24.0,60,1142.5516666666667,183,429,0.427,104,283,0.367,41,49,0.837,40,129,169,61,31,7,32,116,511
202685,Jonas Valančiūnas,2024-25,1610612758,SAC,32.0,76,1465.3783333333333,328,600,0.547,8,36,0.222,134,154,0.87,181,417,598,157,37,45,115,172,798
1628371,Jonathan Isaac,2024-25,1610612753,ORL,27.0,68,1040.5816666666667,124,305,0.407,38,146,0.26,65,96,0.677,112,183,295,33,59,74,28,83,351
1630228,Jonathan Kuminga,2024-25,1610612744,GSW,22.0,42,1050.2233333333334,240,524,0.458,44,138,0.319,148,223,0.664,51,147,198,96,36,20,62,81,672
1642367,Jonathan Mogbo,2024-25,1610612761,TOR,23.0,58,1115.645,130,294,0.442,16,57,0.281,56,77,0.727,97,163,260,110,45,29,60,122,332
203903,Jordan Clarkson,2024-25,1610612762,UTA,32.0,37,962.47,201,493,0.408,84,232,0.362,114,143,0.797,25,93,118,138,31,9,86,52,600
1630692,Jordan Goodwin,2024-25,1610612747,LAL,26.0,23,441.185,52,112,0.464,21,52,0.404,9,11,0.818,32,51,83,30,25,11,17,36,134
1641722,Jordan Hawkins,2024-25,1610612740,NOP,22.0,56,1320.5,207,556,0.372,110,332,0.331,80,98,0.816,25,133,158,66,30,23,58,51,604
1629162,Jordan McLaughlin,2024-25,1610612759,SAS,28.0,41,270.06,26,59,0.441,17,37,0.459,16,21,0.762,4,21,25,42,14,0,13,16,85
1641757,Jordan Miller,2024-25,1610612746,LAC,25.0,34,411.215,57,131,0.435,8,37,0.216,26,33,0.788,23,35,58,34,17,5,24,25,148
1629673,Jordan Poole,2024-25,1610612764,WAS,25.0,66,1955.7716666666668,444,1029,0.431,230,606,0.38,239,270,0.885,29,171,200,295,86,27,201,194,1357
1641775,Jordan Walsh,2024-25,1610612738,BOS,21.0,47,361.76666666666665,26,71,0.366,13,47,0.277,7,12,0.583,20,37,57,16,10,10,13,27,72
1630631,Jose Alvarado,2024-25,1610612740,NOP,26.0,52,1258.5666666666666,180,459,0.392,98,274,0.358,50,61,0.82,25,100,125,246,70,13,71,88,508
1630528,Josh Christopher,2024-25,1610612748,MIA,23.0,11,33.14,3,10,0.3,1,4,0.25,2,4,0.5,0,5,5,4,0,1,5,2,9
1630581,Josh Giddey,2024-25,1610612741,CHI,22.0,67,2003.205,349,753,0.463,100,265,0.377,158,204,0.775,118,403,521,472,81,42,191,117,956
1630182,Josh Green,2024-25,1610612766,CHA,24.0,68,1887.5033333333333,180,421,0.428,97,248,0.391,49,72,0.681,56,116,172,108,74,15,70,165,506
1628404,Josh Hart,2024-25,1610612752,NYK,30.0,73,2744.7116666666666,389,736,0.529,80,241,0.332,152,195,0.779,154,542,696,425,110,27,147,187,1010
1631169,Josh Minott,2024-25,1610612750,MIN,22.0,44,272.14666666666665,43,89,0.483,13,42,0.31,13,15,0.867,12,34,46,18,15,12,11,34,112
1629006,Josh Okogie,2024-25,1610612766,CHA,26.0,36,550.1833333333333,83,182,0.456,26,72,0.361,48,64,0.75,42,61,103,26,45,16,26,44,240
1626196,Josh Richardson,2024-25,1610612748,MIA,31.0,8,149.49,11,38,0.289,6,22,0.273,4,4,1.0,6,6,12,12,8,1,8,17,32
201950,Jrue Holiday,2024-25,1610612738,BOS,34.0,58,1775.035,242,542,0.446,103,294,0.35,64,70,0.914,67,180,247,225,63,26,74,96,651
1630577,Julian Champagnie,2024-25,1610612759,SAS,23.0,76,1769.5783333333334,250,609,0.411,159,442,0.36,77,85,0.906,66,225,291,104,60,32,69,107,736
1641763,Julian Phillips,2024-25,1610612741,CHI,21.0,73,1027.3716666666667,112,257,0.436,45,138,0.326,54,70,0.771,62,89,151,34,35,18,26,99,323
1631124,Julian Strawther,2024-25,1610612743,DEN,22.0,61,1350.855,205,472,0.434,94,263,0.357,68,82,0.829,16,116,132,81,38,15,57,146,572
203944,Julius Randle,2024-25,1610612750,MIN,30.0,64,2060.095,421,876,0.481,97,290,0.334,263,324,0.812,136,315,451,300,43,15,182,162,1202
1630551,Justin Champagnie,2024-25,1610612764,WAS,23.0,57,1152.5166666666667,171,344,0.497,59,162,0.364,45,65,0.692,92,203,295,55,57,35,45,98,446
1642348,Justin Edwards,2024-25,1610612755,PHI,21.0,43,1143.4533333333334,170,373,0.456,68,187,0.364,32,46,0.696,46,101,147,69,44,15,49,97,440
1631303,Justin Minaya,2024-25,1610612757,POR,26.0,14,36.516666666666666,1,5,0.2,0,3,0.0,0,2,0.0,2,3,5,2,1,0,0,5,2
203994,Jusuf Nurkić,2024-25,1610612766,CHA,30.0,47,973.6766666666666,137,298,0.46,28,93,0.301,79,118,0.669,79,292,371,103,36,32,87,119,381
1630231,KJ Martin,2024-25,1610612762,UTA,24.0,43,911.4983333333333,111,201,0.552,15,58,0.259,37,47,0.787,30,95,125,48,17,22,24,101,274
1642354,KJ Simpson,2024-25,1610612766,CHA,22.0,31,696.7166666666667,86,247,0.348,27,108,0.25,39,47,0.83,34,56,90,91,26,6,46,48,238
1630539,Kai Jones,2024-25,1610612742,DAL,24.0,37,399.22,69,87,0.793,1,4,0.25,21,28,0.75,34,73,107,21,12,20,14,42,160
1626157,Karl-Anthony Towns,2024-25,1610612752,NYK,29.0,68,2375.2833333333333,598,1147,0.521,139,328,0.424,316,382,0.827,202,670,872,211,68,48,181,237,1651
1631255,Karlo Matković,2024-25,1610612740,NOP,24.0,38,695.8366666666667,110,194,0.567,16,51,0.314,31,40,0.775,61,123,184,42,19,37,39,97,267
202695,Kawhi Leonard,2024-25,1610612746,LAC,33.0,32,1002.6733333333333,258,524,0.492,65,163,0.399,83,104,0.798,30,154,184,97,48,16,63,48,664
1630811,Keaton Wallace,2024-25,1610612737,ATL,26.0,28,454.25,57,138,0.413,26,73,0.356,11,11,1.0,7,31,38,62,22,8,29,36,151
1631099,Keegan Murray,2024-25,1610612758,SAC,24.0,74,2555.556666666667,358,803,0.446,153,440,0.348,58,70,0.829,143,349,492,106,59,69,59,185,927
1631232,Keion Brooks Jr.,2024-25,1610612740,NOP,24.0,8,143.47166666666666,23,44,0.523,6,17,0.353,5,8,0.625,5,19,24,8,4,6,6,15,57
1642276,Kel'el Ware,2024-25,1610612748,MIA,20.0,59,1297.7716666666668,229,413,0.554,34,105,0.324,42,61,0.689,103,325,428,53,36,66,55,101,534
1629640,Keldon Johnson,2024-25,1610612759,SAS,25.0,72,1713.7633333333333,343,709,0.484,84,254,0.331,144,185,0.778,102,237,339,117,47,18,69,108,914
203482,Kelly Olynyk,2024-25,1610612740,NOP,33.0,42,846.9383333333334,129,255,0.506,33,77,0.429,73,94,0.777,59,143,202,123,33,17,74,116,364
1626162,Kelly Oubre Jr.,2024-25,1610612755,PHI,29.0,60,2078.19,348,741,0.47,71,242,0.293,139,185,0.751,97,271,368,108,92,30,80,180,906
1629026,Kenrich Williams,2024-25,1610612760,OKC,30.0,63,999.0483333333333,146,302,0.483,60,150,0.4,25,31,0.806,57,159,216,86,35,9,34,102,377
203484,Kentavious Caldwell-Pope,2024-25,1610612753,ORL,32.0,74,2234.0033333333336,233,531,0.439,110,320,0.344,80,92,0.87,33,131,164,133,95,34,60,136,656
1631165,Keon Ellis,2024-25,1610612758,SAC,25.0,75,1777.9283333333333,210,433,0.485,128,296,0.432,71,84,0.845,56,138,194,111,112,56,68,163,619
1630553,Keon Johnson,2024-25,1610612751,BKN,23.0,75,1826.91,285,741,0.385,119,380,0.313,93,121,0.769,60,213,273,158,80,29,102,198,782
1642352,Keshad Johnson,2024-25,1610612748,MIA,23.0,13,62.52333333333333,7,12,0.583,1,4,0.25,1,6,0.167,2,16,18,3,2,4,3,5,16
1630556,Kessler Edwards,2024-25,1610612742,DAL,24.0,40,608.46,67,135,0.496,22,54,0.407,12,13,0.923,22,93,115,42,19,20,16,62,168
201142,Kevin Durant,2024-25,1610612756,PHX,36.0,62,2264.685,592,1124,0.527,160,372,0.43,303,361,0.839,23,351,374,263,50,77,190,104,1647
1628989,Kevin Huerter,2024-25,1610612741,CHI,26.0,64,1531.9766666666667,231,550,0.42,116,357,0.325,34,47,0.723,29,163,192,137,62,22,62,108,612
1628995,Kevin Knox II,2024-25,1610612744,GSW,25.0,10,68.78166666666667,14,28,0.5,3,11,0.273,3,4,0.75,6,8,14,4,2,4,1,5,34
201567,Kevin Love,2024-25,1610612748,MIA,36.0,23,251.45333333333335,41,115,0.357,24,67,0.358,16,23,0.696,22,72,94,22,15,4,14,21,122
1641755,Kevin McCullar Jr.,2024-25,1610612752,NYK,24.0,2,6.116666666666666,1,3,0.333,0,0,0.0,0,0,0.0,0,0,0,0,0,0,0,3,2
1629645,Kevin Porter Jr.,2024-25,1610612749,MIL,24.0,70,1329.27,260,586,0.444,47,159,0.296,103,136,0.757,35,210,245,225,67,13,130,109,670
1626172,Kevon Looney,2024-25,1610612744,GSW,29.0,70,1043.9483333333333,135,264,0.511,2,5,0.4,49,89,0.551,176,254,430,108,42,33,37,146,321
1641718,Keyonte George,2024-25,1610612762,UTA,21.0,63,1961.8083333333334,335,852,0.393,162,472,0.343,214,264,0.811,26,211,237,355,43,9,166,105,1046
203114,Khris Middleton,2024-25,1610612764,WAS,33.0,37,843.1816666666666,160,337,0.475,48,133,0.361,72,84,0.857,13,124,137,150,35,8,56,75,440
1630165,Killian Hayes,2024-25,1610612751,BKN,23.0,6,162.33333333333334,18,43,0.419,8,21,0.381,10,12,0.833,5,13,18,31,4,4,9,13,54
202691,Klay Thompson,2024-25,1610612742,DAL,35.0,68,1880.4016666666666,350,848,0.413,209,532,0.393,67,74,0.905,44,198,242,142,48,30,86,79,976
1641738,Kobe Brown,2024-25,1610612746,LAC,25.0,36,239.625,30,64,0.469,4,22,0.182,5,7,0.714,18,39,57,20,6,3,9,22,69
1641723,Kobe Bufkin,2024-25,1610612737,ATL,21.0,10,123.63666666666667,18,47,0.383,4,19,0.211,13,18,0.722,5,16,21,17,3,2,8,9,53
1627739,Kris Dunn,2024-25,1610612746,LAC,31.0,68,1623.3316666666667,175,408,0.429,67,209,0.321,15,22,0.682,53,186,239,196,117,26,70,182,432
1631200,Kris Murray,2024-25,1610612757,POR,24.0,64,891.97,98,229,0.428,23,96,0.24,19,48,0.396,64,88,152,52,31,13,37,58,238
204001,Kristaps Porziņģis,2024-25,1610612738,BOS,29.0,39,1129.63,259,532,0.487,91,225,0.404,149,183,0.814,67,204,271,81,30,61,51,110,758
203937,Kyle Anderson,2024-25,1610612748,MIA,31.0,56,871.5566666666666,124,268,0.463,25,70,0.357,43,58,0.741,47,125,172,125,38,25,34,70,316
1642271,Kyle Filipowski,2024-25,1610612762,UTA,21.0,68,1403.64,231,465,0.497,72,201,0.358,87,135,0.644,98,298,396,129,43,15,94,155,621
1628398,Kyle Kuzma,2024-25,1610612749,MIL,29.0,59,1793.6066666666666,336,786,0.427,84,286,0.294,123,194,0.634,49,305,354,142,32,18,134,111,879
200768,Kyle Lowry,2024-25,1610612755,PHI,39.0,34,639.225,39,112,0.348,28,84,0.333,27,33,0.818,11,55,66,95,33,11,21,61,133
1630283,Kylor Kelley,2024-25,1610612740,NOP,27.0,8,66.73666666666666,10,13,0.769,0,0,0.0,4,6,0.667,8,13,21,2,0,2,1,8,24
202681,Kyrie Irving,2024-25,1610612742,DAL,33.0,50,1803.7966666666666,447,945,0.473,144,359,0.401,196,214,0.916,60,180,240,231,66,23,111,101,1234
1642273,Kyshawn George,2024-25,1610612764,WAS,21.0,64,1715.35,189,513,0.368,107,333,0.321,67,88,0.761,49,224,273,161,66,50,95,193,552
1630163,LaMelo Ball,2024-25,1610612766,CHA,23.0,47,1504.475,406,1003,0.405,179,528,0.339,193,229,0.843,47,185,232,346,54,13,167,157,1184
1630205,Lamar Stevens,2024-25,1610612763,MEM,27.0,13,110.76833333333333,14,35,0.4,5,16,0.313,7,9,0.778,3,26,29,5,5,3,7,11,40
1629013,Landry Shamet,2024-25,1610612752,NYK,28.0,44,635.05,82,181,0.453,42,116,0.362,7,13,0.538,8,41,49,23,21,2,18,46,213
1626204,Larry Nance Jr.,2024-25,1610612737,ATL,32.0,24,463.2266666666667,80,155,0.516,34,76,0.447,9,13,0.692,23,80,103,38,20,13,16,37,203
1628374,Lauri Markkanen,2024-25,1610612762,UTA,27.0,47,1475.8433333333332,296,700,0.423,138,399,0.346,162,185,0.876,72,206,278,70,33,17,66,79,892
2544,LeBron James,2024-25,1610612747,LAL,40.0,65,2283.653333333333,608,1187,0.512,142,374,0.38,237,306,0.775,68,457,525,546,64,39,248,94,1595
1631159,Leonard Miller,2024-25,1610612750,MIN,21.0,12,30.833333333333332,5,14,0.357,0,5,0.0,8,8,1.0,3,8,11,0,2,1,2,2,18
1631311,Lester Quinones,2024-25,1610612740,NOP,24.0,7,42.483333333333334,8,15,0.533,2,7,0.286,1,1,1.0,3,2,5,2,1,1,5,2,19
1641857,Liam Robbins,2024-25,1610612749,MIL,25.0,13,56.96666666666667,2,8,0.25,0,2,0.0,5,10,0.5,7,5,12,2,2,2,6,9,9
1630322,Lindy Waters III,2024-25,1610612765,DET,27.0,50,735.0433333333333,85,230,0.37,57,168,0.339,8,11,0.727,20,84,104,49,25,10,20,61,235
1629022,Lonnie Walker IV,2024-25,1610612755,PHI,26.0,15,310.48,50,128,0.391,23,74,0.311,10,12,0.833,5,43,48,37,8,3,17,14,133
1628366,Lonzo Ball,2024-25,1610612741,CHI,27.0,35,777.03,89,243,0.366,67,195,0.344,22,27,0.815,25,93,118,115,47,17,41,55,267
1629652,Luguentz Dort,2024-25,1610612760,OKC,25.0,68,1988.7316666666666,248,568,0.437,162,394,0.411,33,44,0.75,88,196,284,109,77,39,48,198,691
1629029,Luka Dončić,2024-25,1610612747,LAL,26.0,45,1595.0833333333333,404,922,0.438,153,434,0.353,275,350,0.786,38,339,377,353,82,20,165,116,1236
1630568,Luka Garza,2024-25,1610612750,MIN,26.0,38,215.94333333333333,52,105,0.495,10,36,0.278,24,35,0.686,31,22,53,11,6,3,11,29,138
1628379,Luke Kennard,2024-25,1610612763,MEM,28.0,62,1408.935,200,416,0.481,111,252,0.44,49,55,0.891,36,132,168,208,49,5,71,54,560
1628436,Luke Kornet,2024-25,1610612738,BOS,29.0,67,1227.945,161,237,0.679,0,2,0.0,59,85,0.694,167,185,352,108,33,65,28,107,381
1631247,Luke Travers,2024-25,1610612739,CLE,23.0,10,56.77166666666667,3,11,0.273,0,4,0.0,2,2,1.0,5,7,12,5,1,1,5,5,8
1630644,Mac McClung,2024-25,1610612753,ORL,26.0,2,10.233333333333333,0,2,0.0,0,1,0.0,0,0,0.0,0,1,1,3,0,0,0,2,0
1630201,Malachi Flynn,2024-25,1610612766,CHA,26.0,4,43.68,5,13,0.385,1,4,0.25,5,6,0.833,3,4,7,7,3,0,4,4,16
1631103,Malaki Branham,2024-25,1610612759,SAS,21.0,43,360.18833333333333,66,150,0.44,27,71,0.38,24,29,0.828,4,38,42,34,9,2,31,22,183
1627763,Malcolm Brogdon,2024-25,1610612764,WAS,32.0,24,564.0766666666667,104,240,0.433,16,56,0.286,81,92,0.88,21,70,91,98,13,5,38,30,305
1642502,Malevy Leons,2024-25,1610612760,OKC,25.0,6,20.966666666666665,0,2,0.0,0,1,0.0,2,4,0.5,1,2,3,1,0,0,1,4,2
1627736,Malik Beasley,2024-25,1610612765,DET,28.0,76,2116.9416666666666,426,982,0.434,295,701,0.421,89,131,0.679,45,159,204,131,70,5,82,118,1236
1628370,Malik Monk,2024-25,1610612758,SAC,27.0,63,2027.395,410,928,0.442,139,424,0.328,148,172,0.86,30,208,238,358,60,38,154,155,1107
1630699,MarJon Beauchamp,2024-25,1610612752,NYK,24.0,34,151.415,26,64,0.406,10,29,0.345,13,18,0.722,11,29,40,10,4,1,15,14,75
1630542,Marcus Bagley,2024-25,1610612755,PHI,23.0,5,99.955,9,24,0.375,0,12,0.0,3,4,0.75,7,19,26,1,2,6,2,5,21
1630585,Marcus Garrett,2024-25,1610612766,CHA,26.0,4,79.38333333333334,11,27,0.407,3,8,0.375,3,4,0.75,1,5,6,13,3,2,6,10,28
1631204,Marcus Sasser,2024-25,1610612765,DET,24.0,53,722.6533333333333,121,258,0.469,54,138,0.391,36,43,0.837,16,46,62,117,32,4,47,64,332
203935,Marcus Smart,2024-25,1610612764,WAS,31.0,34,680.34,101,257,0.393,49,141,0.348,54,71,0.761,18,54,72,109,39,9,54,53,305
1631109,Mark Williams,2024-25,1610612766,CHA,23.0,41,1084.4833333333333,254,413,0.615,0,2,0.0,123,154,0.799,125,294,419,103,28,51,61,96,631
1628365,Markelle Fultz,2024-25,1610612758,SAC,26.0,20,172.05833333333334,26,64,0.406,4,8,0.5,1,1,1.0,6,12,18,23,10,1,14,11,57
202693,Markieff Morris,2024-25,1610612747,LAL,35.0,14,131.63333333333333,16,60,0.267,8,33,0.242,5,6,0.833,3,16,19,15,1,2,3,12,45
1628963,Marvin Bagley III,2024-25,1610612763,MEM,26.0,28,231.45666666666668,44,87,0.506,3,16,0.188,20,31,0.645,33,39,72,8,8,8,11,15,111
1630222,Mason Jones,2024-25,1610612758,SAC,26.0,10,45.391666666666666,9,18,0.5,1,8,0.125,4,5,0.8,2,7,9,11,0,1,1,3,23
203486,Mason Plumlee,2024-25,1610612756,PHX,35.0,70,1227.4166666666667,119,194,0.613,0,3,0.0,76,116,0.655,112,324,436,126,31,45,57,148,314
1641824,Matas Buzelis,2024-25,1610612741,CHI,20.0,74,1346.4783333333332,221,498,0.444,83,240,0.346,78,93,0.839,48,196,244,67,25,66,62,120,603
1629680,Matisse Thybulle,2024-25,1610612757,POR,28.0,10,174.615,24,51,0.471,11,28,0.393,2,4,0.5,8,23,31,16,24,5,7,5,61
1630346,Matt Ryan,2024-25,1610612752,NYK,27.0,19,67.82166666666667,10,31,0.323,6,19,0.316,2,2,1.0,0,8,8,3,2,0,3,1,28
1631108,Max Christie,2024-25,1610612742,DAL,22.0,73,1974.475,230,541,0.425,109,294,0.371,120,140,0.857,36,200,236,136,61,28,78,112,689
1629622,Max Strus,2024-25,1610612739,CLE,29.0,46,1152.0316666666668,150,340,0.441,102,265,0.385,27,32,0.844,47,148,195,141,25,10,47,95,429
1628467,Maxi Kleber,2024-25,1610612747,LAL,33.0,34,636.875,37,96,0.385,13,49,0.265,16,21,0.762,25,70,95,43,9,17,23,66,103
1641721,Maxwell Lewis,2024-25,1610612751,BKN,22.0,24,256.205,33,81,0.407,17,40,0.425,5,8,0.625,15,27,42,15,7,4,9,20,88
1630695,Micah Potter,2024-25,1610612762,UTA,26.0,34,607.0483333333333,51,115,0.443,30,83,0.361,16,18,0.889,37,107,144,27,12,11,27,44,148
1629008,Michael Porter Jr.,2024-25,1610612743,DEN,26.0,72,2419.6666666666665,496,985,0.504,182,457,0.398,139,182,0.764,129,372,501,157,49,34,95,144,1313
1628969,Mikal Bridges,2024-25,1610612752,NYK,28.0,76,2856.8283333333334,556,1118,0.497,156,444,0.351,86,107,0.804,66,176,242,278,72,40,124,114,1354
201144,Mike Conley,2024-25,1610612750,MIN,37.0,66,1647.8833333333334,179,443,0.404,124,296,0.419,77,86,0.895,30,136,166,297,77,13,71,103,559
1628970,Miles Bridges,2024-25,1610612766,CHA,27.0,62,1979.3183333333334,462,1064,0.434,139,440,0.316,215,246,0.874,72,399,471,243,44,44,131,90,1278
1630540,Miles McBride,2024-25,1610612752,NYK,24.0,59,1470.6116666666667,202,496,0.407,104,280,0.371,49,60,0.817,44,105,149,169,56,17,39,96,557
1641936,Miles Norris,2024-25,1610612738,BOS,24.0,1,4.016666666666667,0,0,0.0,0,0,0.0,0,0,0.0,0,2,2,0,0,0,0,0,0
1629011,Mitchell Robinson,2024-25,1610612752,NYK,27.0,14,228.88166666666666,31,47,0.66,0,0,0.0,11,15,0.733,42,43,85,9,12,14,9,20,73
1628964,Mo Bamba,2024-25,1610612740,NOP,26.0,32,413.485,52,112,0.464,15,54,0.278,19,27,0.704,32,113,145,18,9,31,20,56,138
1628420,Monté Morris,2024-25,1610612756,PHX,29.0,43,543.02,77,185,0.416,28,81,0.346,36,42,0.857,11,51,62,69,20,3,19,21,218
1629021,Moritz Wagner,2024-25,1610612753,ORL,27.0,30,564.1566666666666,140,249,0.562,27,75,0.36,79,110,0.718,40,108,148,42,24,12,49,55,386
1629650,Moses Brown,2024-25,1610612742,DAL,25.0,13,118.57666666666667,34,49,0.694,0,0,0.0,8,11,0.727,12,32,44,2,6,4,11,17,76
1630541,Moses Moody,2024-25,1610612744,GSW,22.0,68,1507.15,233,528,0.441,119,316,0.377,103,128,0.805,46,124,170,92,47,28,49,105,688
1631243,Mouhamed Gueye,2024-25,1610612737,ATL,22.0,27,423.895,60,147,0.408,17,73,0.233,22,29,0.759,27,67,94,20,23,27,11,43,159
1631217,Moussa Diabaté,2024-25,1610612766,CHA,23.0,68,1176.6083333333333,155,259,0.598,0,4,0.0,65,109,0.596,181,239,420,54,42,38,58,104,375
1626167,Myles Turner,2024-25,1610612754,IND,29.0,68,2063.508333333333,371,769,0.482,149,371,0.402,169,219,0.772,84,366,450,107,54,131,118,177,1060
1642368,N'Faly Dante,2024-25,1610612745,HOU,23.0,1,18.55,4,6,0.667,0,0,0.0,2,3,0.667,4,5,9,1,0,2,1,4,10
1641772,Nae'Qwan Tomlin,2024-25,1610612739,CLE,24.0,4,16.65,5,11,0.455,0,2,0.0,2,3,0.667,3,6,9,0,0,0,1,3,12
1630230,Naji Marshall,2024-25,1610612742,DAL,27.0,64,1756.9166666666667,335,659,0.508,56,204,0.275,116,142,0.817,73,240,313,188,67,10,98,103,842
1631466,Nate Williams,2024-25,1610612745,HOU,26.0,15,90.13333333333334,17,40,0.425,4,17,0.235,4,6,0.667,1,6,7,5,5,4,9,10,42
1629675,Naz Reid,2024-25,1610612750,MIN,25.0,75,2071.7283333333335,403,872,0.462,170,439,0.387,104,135,0.77,83,367,450,171,57,69,100,178,1080
1629674,Neemias Queta,2024-25,1610612738,BOS,25.0,57,790.8066666666666,120,185,0.649,0,3,0.0,42,56,0.75,83,137,220,37,15,36,37,99,282
1629651,Nic Claxton,2024-25,1610612751,BKN,25.0,67,1824.015,306,549,0.557,3,19,0.158,77,150,0.513,153,354,507,153,59,99,86,147,692
1630208,Nick Richards,2024-25,1610612756,PHX,27.0,54,1197.3566666666666,199,337,0.591,0,2,0.0,118,159,0.742,145,303,448,49,12,53,80,135,516
1641733,Nick Smith Jr.,2024-25,1610612766,CHA,20.0,56,1278.2633333333333,205,530,0.387,94,282,0.333,34,37,0.919,13,101,114,125,17,6,79,74,538
1629638,Nickeil Alexander-Walker,2024-25,1610612750,MIN,26.0,77,1951.6516666666666,257,583,0.441,136,349,0.39,83,107,0.776,50,198,248,204,47,32,95,131,733
201587,Nicolas Batum,2024-25,1610612746,LAC,36.0,74,1313.56,94,224,0.42,79,190,0.416,16,20,0.8,45,163,208,84,51,36,32,107,283
203999,Nikola Jokić,2024-25,1610612743,DEN,30.0,65,2385.1716666666666,732,1273,0.575,127,305,0.416,342,426,0.803,188,642,830,663,115,43,213,150,1933
1631107,Nikola Jović,2024-25,1610612748,MIA,21.0,46,1155.6766666666667,172,377,0.456,78,210,0.371,72,87,0.828,26,154,180,131,38,13,60,82,494
202696,Nikola Vučević,2024-25,1610612741,CHI,34.0,68,2132.2166666666667,512,964,0.531,122,305,0.4,113,140,0.807,159,522,681,234,55,46,109,156,1259
1641730,Noah Clowney,2024-25,1610612751,BKN,20.0,46,1042.2866666666666,133,372,0.358,87,261,0.333,67,80,0.838,43,138,181,40,24,21,46,105,420
1626181,Norman Powell,2024-25,1610612746,LAC,31.0,55,1778.15,429,878,0.489,170,402,0.423,203,249,0.815,20,159,179,119,68,9,101,102,1231
1628384,OG Anunoby,2024-25,1610612752,NYK,27.0,70,2558.6216666666664,456,962,0.474,161,434,0.371,175,213,0.822,92,244,336,152,105,60,95,164,1248
1630167,Obi Toppin,2024-25,1610612754,IND,27.0,74,1445.8983333333333,296,550,0.538,102,277,0.368,84,106,0.792,52,243,295,119,43,26,63,102,778
1630534,Ochai Agbaji,2024-25,1610612761,TOR,24.0,61,1635.52,245,493,0.497,91,231,0.394,33,47,0.702,55,176,231,95,49,29,49,116,614
1641765,Olivier-Maxence Prosper,2024-25,1610612742,DAL,22.0,52,584.07,70,174,0.402,12,51,0.235,49,76,0.645,44,82,126,40,26,6,14,28,201
1630168,Onyeka Okongwu,2024-25,1610612737,ATL,24.0,69,1896.7433333333333,358,631,0.567,41,129,0.318,150,199,0.754,206,400,606,156,64,66,76,176,907
1631115,Orlando Robinson,2024-25,1610612761,TOR,24.0,41,698.7616666666667,106,238,0.445,17,46,0.37,49,62,0.79,77,121,198,70,17,16,42,88,278
1631131,Oscar Tshiebwe,2024-25,1610612762,UTA,25.0,11,186.20666666666668,23,39,0.59,0,0,0.0,16,20,0.8,30,56,86,7,9,0,6,18,62
1629052,Oshae Brissett,2024-25,1610612755,PHI,26.0,6,142.24166666666667,19,39,0.487,6,18,0.333,8,14,0.571,7,15,22,4,4,3,8,14,52
1642345,Oso Ighodaro,2024-25,1610612756,PHX,22.0,55,885.64,92,152,0.605,0,2,0.0,28,47,0.596,52,140,192,60,24,24,33,96,212
1631172,Ousmane Dieng,2024-25,1610612760,OKC,21.0,37,404.84166666666664,54,125,0.432,23,71,0.324,11,16,0.688,18,63,81,31,17,7,18,33,142
200782,P.J. Tucker,2024-25,1610612752,NYK,39.0,1,1.7833333333333334,0,0,0.0,0,0,0.0,0,0,0.0,0,0,0,0,0,0,0,0,0
1629023,P.J. Washington,2024-25,1610612742,DAL,26.0,53,1717.4083333333333,284,631,0.45,85,225,0.378,134,182,0.736,79,335,414,121,60,56,108,129,787
1628408,PJ Dozier,2024-25,1610612750,MIN,28.0,9,34.916666666666664,2,3,0.667,2,3,0.667,1,6,0.167,1,4,5,5,1,0,1,3,7
1641790,PJ Hall,2024-25,1610612743,DEN,23.0,19,66.18333333333334,14,24,0.583,2,8,0.25,3,4,0.75,6,16,22,4,0,4,2,11,33
1642359,Pacôme Dadiet,2024-25,1610612752,NYK,19.0,17,100.145,9,28,0.321,6,18,0.333,2,3,0.667,0,14,14,5,3,2,3,6,26
1631094,Paolo Banchero,2024-25,1610612753,ORL,22.0,44,1515.33,394,870,0.453,83,260,0.319,272,373,0.729,49,282,331,209,36,27,132,92,1143
1627783,Pascal Siakam,2024-25,1610612754,IND,31.0,76,2480.57,598,1153,0.519,124,321,0.386,224,304,0.737,127,395,522,258,68,41,107,187,1544
1626192,Pat Connaughton,2024-25,1610612749,MIL,32.0,38,537.1433333333333,62,139,0.446,20,67,0.299,15,19,0.789,18,78,96,62,7,11,22,41,159
1630311,Pat Spencer,2024-25,1610612744,GSW,28.0,35,231.80333333333334,37,94,0.394,3,19,0.158,11,15,0.733,15,29,44,42,12,3,15,20,88
1631116,Patrick Baldwin Jr.,2024-25,1610612746,LAC,22.0,23,103.265,17,33,0.515,11,21,0.524,2,4,0.5,5,18,23,3,3,2,5,5,47
1630172,Patrick Williams,2024-25,1610612741,CHI,23.0,57,1445.56,181,469,0.386,86,248,0.347,56,78,0.718,41,176,217,114,41,31,76,82,504
201988,Patty Mills,2024-25,1610612746,LAC,36.0,27,305.355,33,90,0.367,24,71,0.338,13,14,0.929,3,18,21,25,13,3,17,21,103
202331,Paul George,2024-25,1610612755,PHI,34.0,41,1333.5933333333332,245,570,0.43,96,268,0.358,79,97,0.814,24,195,219,178,75,20,106,101,665
1630194,Paul Reed,2024-25,1610612765,DET,25.0,41,383.2033333333333,66,125,0.528,8,25,0.32,32,42,0.762,37,74,111,36,37,21,24,66,172
1630202,Payton Pritchard,2024-25,1610612738,BOS,27.0,74,2093.935,364,784,0.464,240,585,0.41,67,80,0.838,97,184,281,246,64,14,71,113,1035
1641796,Pelle Larsson,2024-25,1610612748,MIA,24.0,53,716.6066666666667,84,189,0.444,29,86,0.337,39,57,0.684,28,57,85,60,29,7,22,87,236
1631250,Pete Nance,2024-25,1610612749,MIL,25.0,11,81.31666666666666,6,18,0.333,4,14,0.286,1,2,0.5,2,8,10,3,1,0,0,11,17
1631212,Peyton Watson,2024-25,1610612743,DEN,22.0,63,1538.7616666666668,192,401,0.479,46,127,0.362,90,130,0.692,46,170,216,92,47,87,52,115,520
1630762,Phillip Wheeler,2024-25,1610612755,PHI,22.0,5,44.39666666666667,3,21,0.143,0,10,0.0,2,2,1.0,2,6,8,2,1,2,1,1,8
1630173,Precious Achiuwa,2024-25,1610612752,NYK,25.0,53,1056.6183333333333,145,283,0.512,9,32,0.281,38,64,0.594,98,191,289,50,41,36,41,70,337
1629656,Quentin Grimes,2024-25,1610612755,PHI,24.0,71,1874.3,356,749,0.475,149,381,0.391,149,196,0.76,55,240,295,209,70,21,129,128,1010
1631245,Quenton Jackson,2024-25,1610612754,IND,26.0,26,321.52166666666665,48,99,0.485,12,31,0.387,20,27,0.741,13,24,37,48,17,5,14,39,128
1642439,Quincy Olivari,2024-25,1610612747,LAL,23.0,2,10.3,1,5,0.2,1,5,0.2,0,0,0.0,0,0,0,1,0,0,1,0,3
1642366,Quinten Post,2024-25,1610612744,GSW,25.0,38,639.9283333333333,118,261,0.452,70,171,0.409,19,23,0.826,34,106,140,55,16,17,33,80,325
1629628,RJ Barrett,2024-25,1610612761,TOR,24.0,56,1825.7966666666666,452,955,0.473,104,295,0.353,191,300,0.637,58,301,359,310,45,16,165,137,1199
1642484,RayJ Dennis,2024-25,1610612754,IND,24.0,9,24.783333333333335,2,10,0.2,1,7,0.143,2,2,1.0,2,4,6,5,3,0,4,3,7
1641712,Rayan Rupert,2024-25,1610612757,POR,20.0,47,327.97,34,85,0.4,10,38,0.263,16,22,0.727,22,27,49,18,8,2,22,24,94
1641736,Reece Beekman,2024-25,1610612751,BKN,23.0,32,357.82,25,81,0.309,6,32,0.188,12,17,0.706,9,19,28,41,23,2,17,24,68
1642263,Reed Sheppard,2024-25,1610612745,HOU,20.0,47,557.1983333333334,72,206,0.35,38,121,0.314,13,16,0.813,16,52,68,59,30,15,29,44,195
202704,Reggie Jackson,2024-25,1610612755,PHI,34.0,31,383.9916666666667,52,133,0.391,25,74,0.338,7,9,0.778,8,34,42,45,16,3,17,34,136
1626158,Richaun Holmes,2024-25,1610612764,WAS,31.0,31,534.135,90,139,0.647,0,3,0.0,50,60,0.833,62,115,177,42,9,23,21,49,230
1641741,Ricky Council IV,2024-25,1610612755,PHI,23.0,68,1149.3266666666666,169,432,0.391,52,196,0.265,111,138,0.804,45,148,193,90,31,12,44,66,501
1642434,Riley Minix,2024-25,1610612759,SAS,24.0,1,6.75,0,1,0.0,0,1,0.0,0,0,0.0,0,2,2,0,0,0,0,0,0
1642265,Rob Dillingham,2024-25,1610612750,MIN,20.0,47,511.8466666666667,93,210,0.443,25,73,0.342,8,15,0.533,12,37,49,97,20,1,52,37,219
1629057,Robert Williams III,2024-25,1610612757,POR,27.0,20,351.33,50,78,0.641,1,3,0.333,15,17,0.882,35,83,118,21,13,33,17,31,116
1641842,Ronald Holland II,2024-25,1610612765,DET,19.0,75,1169.91,186,390,0.477,34,145,0.234,87,114,0.763,36,165,201,76,46,12,67,133,493
1626220,Royce O'Neale,2024-25,1610612756,PHX,31.0,69,1708.2083333333333,227,523,0.434,169,401,0.421,19,26,0.731,51,281,332,152,65,31,60,140,642
203497,Rudy Gobert,2024-25,1610612750,MIN,32.0,67,2210.745,302,457,0.661,0,0,0.0,166,246,0.675,244,476,720,118,52,96,86,167,770
1629060,Rui Hachimura,2024-25,1610612747,LAL,27.0,56,1767.675,278,548,0.507,96,232,0.414,81,106,0.764,77,204,281,79,44,25,47,98,733
201566,Russell Westbrook,2024-25,1610612743,DEN,36.0,70,1982.4816666666666,354,783,0.452,91,276,0.33,138,215,0.642,99,255,354,437,102,36,231,180,937
1642346,Ryan Dunn,2024-25,1610612756,PHX,22.0,68,1236.165,177,409,0.433,70,223,0.314,15,35,0.429,70,156,226,51,34,39,33,148,439
1631157,Ryan Rollins,2024-25,1610612749,MIL,22.0,51,718.2083333333334,115,235,0.489,44,107,0.411,32,39,0.821,20,75,95,82,36,16,47,79,306
1630573,Sam Hauser,2024-25,1610612738,BOS,27.0,65,1394.28,187,418,0.447,148,359,0.412,8,8,1.0,41,158,199,60,39,11,20,84,530
1630241,Sam Merrill,2024-25,1610612739,CLE,28.0,67,1310.5983333333334,161,400,0.403,126,345,0.365,28,29,0.966,37,111,148,99,47,12,31,115,476
1630572,Sandro Mamukelashvili,2024-25,1610612759,SAS,25.0,55,566.1833333333333,119,234,0.509,55,136,0.404,37,52,0.712,54,105,159,39,19,16,22,52,330
1630583,Santi Aldama,2024-25,1610612763,MEM,24.0,61,1555.0133333333333,301,623,0.483,114,309,0.369,62,89,0.697,93,308,401,175,48,29,66,67,778
1630703,Scoot Henderson,2024-25,1610612757,POR,21.0,66,1759.0716666666667,287,685,0.419,105,297,0.354,158,206,0.767,52,146,198,335,68,13,177,181,837
1630567,Scottie Barnes,2024-25,1610612761,TOR,23.0,62,2046.6566666666668,440,1000,0.44,71,270,0.263,223,290,0.769,101,370,471,362,92,61,177,111,1174
1630590,Scotty Pippen Jr.,2024-25,1610612763,MEM,24.0,75,1566.78,268,557,0.481,81,208,0.389,110,153,0.719,60,188,248,331,100,27,129,189,727
203552,Seth Curry,2024-25,1610612766,CHA,34.0,65,1005.805,151,324,0.466,76,171,0.444,30,35,0.857,24,86,110,57,26,7,30,56,408
1631101,Shaedon Sharpe,2024-25,1610612757,POR,21.0,69,2148.0733333333333,474,1041,0.455,138,445,0.31,174,219,0.795,66,239,305,182,58,16,138,114,1260
1628983,Shai Gilgeous-Alexander,2024-25,1610612760,OKC,26.0,73,2495.63,824,1585,0.52,155,415,0.373,591,656,0.901,65,301,366,463,127,75,178,156,2394
1629003,Shake Milton,2024-25,1610612747,LAL,28.0,53,785.6266666666667,109,237,0.46,37,102,0.363,42,53,0.792,30,70,100,99,23,3,37,65,297
1631321,Sidy Cissoko,2024-25,1610612757,POR,21.0,20,60.89666666666667,9,18,0.5,3,7,0.429,1,6,0.167,4,7,11,6,1,0,3,7,22
1631323,Simone Fontecchio,2024-25,1610612765,DET,29.0,69,1169.115,141,352,0.401,70,211,0.332,67,81,0.827,46,157,203,62,28,12,48,90,419
1627746,Skal Labissiere,2024-25,1610612758,SAC,29.0,4,11.96,2,4,0.5,1,1,1.0,0,0,0.0,1,2,3,1,0,0,0,1,5
203915,Spencer Dinwiddie,2024-25,1610612742,DAL,31.0,75,2008.2683333333334,274,647,0.423,104,308,0.338,181,227,0.797,16,179,195,325,69,17,95,115,833
1642461,Spencer Jones,2024-25,1610612743,DEN,23.0,20,124.625,11,34,0.324,1,17,0.059,3,3,1.0,8,9,17,5,5,5,5,17,26
1630649,Stanley Umude,2024-25,1610612749,MIL,25.0,20,64.51,4,23,0.174,2,13,0.154,2,4,0.5,4,11,15,3,3,3,2,6,12
201939,Stephen Curry,2024-25,1610612744,GSW,37.0,64,2059.7433333333333,513,1149,0.446,286,718,0.398,262,282,0.929,34,247,281,388,73,28,182,89,1574
1642264,Stephon Castle,2024-25,1610612759,SAS,20.0,75,1963.13,384,907,0.423,88,307,0.287,214,299,0.716,84,181,265,287,69,19,158,152,1070
203500,Steven Adams,2024-25,1610612745,HOU,31.0,55,737.0333333333333,84,154,0.545,0,2,0.0,43,93,0.462,156,145,301,64,20,25,53,55,211
1629004,Svi Mykhailiuk,2024-25,1610612762,UTA,27.0,34,650.44,98,266,0.368,60,181,0.331,23,28,0.821,19,58,77,64,18,6,48,41,279
204456,T.J. McConnell,2024-25,1610612754,IND,33.0,74,1324.6,306,585,0.523,15,47,0.319,53,71,0.746,41,143,184,336,80,19,105,72,680
201959,Taj Gibson,2024-25,1610612766,CHA,39.0,32,355.485,39,79,0.494,1,2,0.5,12,20,0.6,45,60,105,18,9,15,22,47,91
1629659,Talen Horton-Tucker,2024-25,1610612741,CHI,24.0,52,602.3116666666666,112,249,0.45,39,108,0.361,50,70,0.714,18,74,92,69,18,10,34,51,313
1631106,Tari Eason,2024-25,1610612745,HOU,23.0,53,1338.06,257,519,0.495,60,171,0.351,78,101,0.772,120,223,343,74,93,46,62,131,652
1627752,Taurean Prince,2024-25,1610612749,MIL,31.0,75,2026.8283333333334,223,484,0.461,141,315,0.448,34,41,0.829,33,237,270,147,69,14,78,153,621
1641707,Taylor Hendricks,2024-25,1610612762,UTA,21.0,3,74.51666666666667,4,18,0.222,3,12,0.25,3,4,0.75,5,10,15,2,5,4,2,8,14
1631386,Tazé Moore,2024-25,1610612757,POR,26.0,2,19.85,2,10,0.2,1,4,0.25,1,2,0.5,4,4,8,1,2,0,2,0,6
1629611,Terance Mann,2024-25,1610612737,ATL,28.0,61,1263.4333333333334,179,365,0.49,55,147,0.374,42,61,0.689,58,118,176,109,42,15,43,117,455
1630545,Terrence Shannon Jr.,2024-25,1610612750,MIN,24.0,31,335.46166666666664,55,114,0.482,11,31,0.355,17,21,0.81,10,36,46,32,7,5,15,26,138
1626179,Terry Rozier,2024-25,1610612748,MIA,31.0,61,1607.3533333333332,246,621,0.396,91,301,0.302,92,108,0.852,41,187,228,164,36,14,76,73,675
1630678,Terry Taylor,2024-25,1610612758,SAC,25.0,3,6.333333333333333,0,1,0.0,0,0,0.0,0,0,0.0,1,0,1,2,0,0,0,0,0
1628418,Thomas Bryant,2024-25,1610612754,IND,27.0,61,898.9116666666666,153,298,0.513,45,134,0.336,52,61,0.852,80,159,239,52,26,35,28,70,403
1642275,Tidjane Salaün,2024-25,1610612766,CHA,19.0,55,1099.17,101,302,0.334,52,178,0.292,61,82,0.744,68,181,249,64,29,14,50,72,315
203501,Tim Hardaway Jr.,2024-25,1610612765,DET,33.0,71,1981.8616666666667,253,620,0.408,153,414,0.37,115,136,0.846,18,154,172,115,36,7,45,91,774
202699,Tobias Harris,2024-25,1610612765,DET,32.0,70,2237.6466666666665,371,783,0.474,85,254,0.335,137,158,0.867,64,359,423,156,70,55,79,129,964
1628396,Tony Bradley,2024-25,1610612754,IND,27.0,11,58.788333333333334,18,22,0.818,1,3,0.333,0,2,0.0,7,12,19,3,1,4,4,6,37
1628470,Torrey Craig,2024-25,1610612738,BOS,34.0,22,238.51333333333332,36,78,0.462,23,58,0.397,8,12,0.667,22,28,50,9,4,7,2,29,103
1641787,Tosan Evbuomwan,2024-25,1610612751,BKN,24.0,23,546.0866666666667,78,178,0.438,18,61,0.295,41,55,0.745,27,69,96,39,17,7,32,41,215
1641739,Toumani Camara,2024-25,1610612757,POR,24.0,74,2425.925,305,662,0.461,124,330,0.376,85,118,0.72,166,258,424,163,112,48,106,219,819
1629027,Trae Young,2024-25,1610612737,ATL,26.0,71,2566.7733333333335,526,1288,0.408,199,596,0.334,463,528,0.877,34,191,225,823,85,11,339,139,1714
1631218,Trayce Jackson-Davis,2024-25,1610612744,GSW,25.0,57,939.5016666666667,168,294,0.571,0,2,0.0,54,95,0.568,117,182,299,102,22,38,42,70,390
1630200,Tre Jones,2024-25,1610612741,CHI,25.0,46,904.9716666666667,128,238,0.538,19,48,0.396,55,67,0.821,31,85,116,192,37,10,35,55,330
1630544,Tre Mann,2024-25,1610612766,CHA,24.0,13,319.045,70,161,0.435,24,60,0.4,19,21,0.905,12,26,38,39,7,4,25,24,183
1630570,Trendon Watford,2024-25,1610612751,BKN,24.0,39,782.1183333333333,138,304,0.454,25,80,0.313,71,95,0.747,30,102,132,95,25,11,70,83,372
1642280,Trentyn Flowers,2024-25,1610612746,LAC,20.0,3,18.433333333333334,4,9,0.444,0,2,0.0,3,3,1.0,1,3,4,0,0,0,1,3,11
1630243,Trevelin Queen,2024-25,1610612753,ORL,28.0,29,395.0966666666667,47,134,0.351,17,69,0.246,15,17,0.882,24,23,47,34,28,10,22,37,126
1641725,Trey Alexander,2024-25,1610612743,DEN,21.0,22,109.94666666666667,12,40,0.3,3,17,0.176,3,4,0.75,1,10,11,11,1,1,5,10,30
1641998,Trey Jemison III,2024-25,1610612747,LAL,25.0,33,354.49,38,70,0.543,0,0,0.0,12,31,0.387,38,54,92,14,8,14,18,64,88
1626168,Trey Lyles,2024-25,1610612758,SAC,29.0,64,1178.6233333333332,138,336,0.411,74,217,0.341,50,70,0.714,70,214,284,75,38,22,35,79,400
1630530,Trey Murphy III,2024-25,1610612740,NOP,24.0,53,1854.23,381,839,0.454,158,438,0.361,204,230,0.887,47,221,268,188,56,39,103,112,1124
202684,Tristan Thompson,2024-25,1610612739,CLE,34.0,38,265.4916666666667,27,59,0.458,0,3,0.0,5,22,0.227,26,76,102,23,1,9,11,31,59
1641774,Tristan Vukcevic,2024-25,1610612764,WAS,22.0,32,423.9433333333333,97,203,0.478,30,87,0.345,37,49,0.755,21,89,110,32,11,20,33,46,261
1641783,Tristan da Silva,2024-25,1610612753,ORL,23.0,71,1545.595,186,451,0.412,75,227,0.33,53,61,0.869,69,163,232,104,30,16,53,89,500
1641803,Tristen Newton,2024-25,1610612750,MIN,23.0,8,16.145,1,8,0.125,0,3,0.0,1,1,1.0,2,2,4,2,1,0,2,4,3
1629660,Ty Jerome,2024-25,1610612739,CLE,27.0,67,1322.2333333333333,294,578,0.509,103,239,0.431,125,144,0.868,48,119,167,224,77,2,85,98,816
1631102,TyTy Washington Jr.,2024-25,1610612756,PHX,23.0,13,102.88333333333334,12,39,0.308,4,20,0.2,3,4,0.75,4,8,12,15,3,0,3,4,31
1629639,Tyler Herro,2024-25,1610612748,MIA,25.0,74,2635.2566666666667,623,1328,0.469,245,656,0.373,277,316,0.877,33,353,386,414,66,17,187,84,1768
1642278,Tyler Kolek,2024-25,1610612752,NYK,24.0,40,281.685,26,77,0.338,13,43,0.302,11,15,0.733,6,18,24,66,12,4,15,25,76
1641890,Tyler Smith,2024-25,1610612749,MIL,20.0,22,92.02333333333333,18,41,0.439,9,24,0.375,2,4,0.5,4,17,21,4,2,3,6,9,47
1630169,Tyrese Haliburton,2024-25,1610612754,IND,25.0,70,2348.1033333333335,460,971,0.474,210,538,0.39,175,203,0.862,41,205,246,643,103,45,114,90,1305
1631213,Tyrese Martin,2024-25,1610612751,BKN,26.0,57,1242.77,177,436,0.406,96,266,0.361,44,56,0.786,56,154,210,114,32,8,65,74,494
1630178,Tyrese Maxey,2024-25,1610612755,PHI,24.0,52,1960.195,477,1091,0.437,161,478,0.337,254,289,0.879,15,159,174,317,91,21,124,116,1369
1630623,Tyson Etienne,2024-25,1610612751,BKN,25.0,2,34.96666666666667,5,15,0.333,3,10,0.3,0,0,0.0,0,2,2,6,2,0,0,4,13
1626145,Tyus Jones,2024-25,1610612756,PHX,28.0,75,2060.41,286,635,0.45,156,373,0.418,49,55,0.891,39,143,182,410,62,7,88,61,777
1642279,Ulrich Chomche,2024-25,1610612761,TOR,19.0,7,32.175,2,5,0.4,0,0,0.0,1,2,0.5,4,4,8,2,0,1,2,5,5
203995,Vasilije Micić,2024-25,1610612756,PHX,31.0,40,783.025,95,273,0.348,45,125,0.36,34,41,0.829,20,69,89,127,15,0,77,45,269
1641705,Victor Wembanyama,2024-25,1610612759,SAS,21.0,46,1527.2533333333333,408,857,0.476,142,403,0.352,158,189,0.836,82,424,506,168,52,176,149,105,1116
1631246,Vince Williams Jr.,2024-25,1610612763,MEM,24.0,23,424.19,57,144,0.396,21,81,0.259,17,22,0.773,17,61,78,47,11,5,29,39,152
1628427,Vlatko Čančar,2024-25,1610612743,DEN,27.0,12,131.60333333333332,10,26,0.385,4,15,0.267,0,0,0.0,6,26,32,9,3,2,9,10,24
1630249,Vít Krejčí,2024-25,1610612737,ATL,24.0,51,1038.8816666666667,127,268,0.474,79,189,0.418,27,40,0.675,17,119,136,131,31,25,44,98,360
1631117,Walker Kessler,2024-25,1610612762,UTA,23.0,58,1740.32,278,419,0.663,6,34,0.176,79,152,0.52,266,441,707,97,36,138,86,130,641
1628976,Wendell Carter Jr.,2024-25,1610612753,ORL,25.0,65,1682.4516666666666,215,468,0.459,36,151,0.238,123,166,0.741,146,331,477,129,44,38,70,194,589
1631111,Wendell Moore Jr.,2024-25,1610612766,CHA,23.0,33,447.3616666666667,52,112,0.464,11,33,0.333,18,22,0.818,28,61,89,37,18,5,22,30,133
1630214,Xavier Tillman,2024-25,1610612738,BOS,26.0,30,214.75333333333333,12,51,0.235,5,32,0.156,3,4,0.75,10,31,41,7,10,5,13,17,32
1642530,Yuki Kawamura,2024-25,1610612763,MEM,23.0,20,63.11666666666667,8,22,0.364,4,16,0.25,4,6,0.667,0,7,7,14,1,0,4,7,24
1641879,Yuri Collins,2024-25,1610612744,GSW,24.0,2,16.3,1,3,0.333,0,0,0.0,0,0,0.0,2,1,3,4,2,0,0,5,2
1642274,Yves Missi,2024-25,1610612740,NOP,20.0,70,1879.9233333333334,251,465,0.54,0,1,0.0,123,194,0.634,242,331,573,94,35,96,80,141,625
1642258,Zaccharie Risacher,2024-25,1610612737,ATL,19.0,69,1708.87,321,717,0.448,108,313,0.345,100,139,0.719,84,168,252,86,50,34,86,134,850
1628380,Zach Collins,2024-25,1610612741,CHI,27.0,58,875.2766666666666,139,271,0.513,29,95,0.305,63,72,0.875,91,162,253,101,27,27,51,120,370
1641744,Zach Edey,2024-25,1610612763,MEM,22.0,62,1292.46,236,408,0.578,18,48,0.375,82,113,0.726,213,270,483,58,32,80,79,167,572
203897,Zach LaVine,2024-25,1610612758,SAC,30.0,69,2404.4966666666664,569,1120,0.508,212,488,0.434,225,273,0.824,21,285,306,287,57,12,198,109,1575
1630192,Zeke Nnaji,2024-25,1610612743,DEN,24.0,55,594.925,70,140,0.5,17,51,0.333,26,42,0.619,33,56,89,23,23,38,13,61,183
1630533,Ziaire Williams,2024-25,1610612751,BKN,23.0,60,1485.4533333333334,205,503,0.408,99,293,0.338,94,114,0.825,60,218,278,82,58,24,62,144,603
1629627,Zion Williamson,2024-25,1610612740,NOP,24.0,30,857.2766666666666,288,508,0.567,3,13,0.231,158,241,0.656,76,140,216,159,37,27,90,82,737
1642389,Zyon Pullin,2024-25,1610612763,MEM,24.0,3,2.6016666666666666,0,1,0.0,0,0,0.0,0,0,0.0,0,0,0,0,0,0,0,0,0
